power	self_proposition	perc_for	max_result	earlier_winner
1	0	38.76	38.76	0
0	1	17.98	38.76	0
0	0	10.58	38.76	0
0	0	9.12	38.76	0
0	0	6.71	38.76	0
0	0	6.22	38.76	0
0	0	2.28	38.76	0
0	0	1.55	38.76	0
0	0	1.17	38.76	0
0	1	0.88	38.76	0
0	0	0.76	38.76	0
0	1	0.69	38.76	0
0	0	0.68	38.76	0
0	1	0.61	38.76	0
0	0	0.49	38.76	0
0	0	0.43	38.76	0
0	0	0.39	38.76	0
0	0	0.29	38.76	0
0	0	0.17	38.76	0
0	0	0.15	38.76	0
0	0	36.45	36.45	1
0	0	27.13	36.45	0
0	0	8.82	36.45	0
0	0	6.11	36.45	0
0	0	4.12	36.45	0
0	0	3.12	36.45	0
0	0	2.1	36.45	0
0	0	1.45	36.45	0
0	1	1.4	36.45	0
0	1	1.36	36.45	0
0	0	1.34	36.45	0
0	0	1.16	36.45	0
0	0	1.12	36.45	0
0	0	0.93	36.45	0
0	0	0.73	36.45	0
0	0	0.65	36.45	0
0	0	0.59	36.45	0
0	0	0.56	36.45	0
0	0	0.41	36.45	0
0	0	0.36	36.45	0
1	0	50.37	50.37	0
0	1	20.48	50.37	1
0	0	9.36	50.37	0
0	0	9.28	50.37	0
0	0	1.11	50.37	0
0	0	1.08	50.37	0
0	0	1.03	50.37	0
0	0	0.97	50.37	0
0	0	0.94	50.37	0
0	1	0.66	50.37	0
0	0	0.61	50.37	0
0	0	0.51	50.37	0
0	0	0.49	50.37	0
0	0	0.47	50.37	0
0	0	0.45	50.37	0
0	0	0.44	50.37	0
0	0	0.42	50.37	0
0	0	0.35	50.37	0
0	1	0.31	50.37	0
0	0	0.3	50.37	0
0	1	0.26	50.37	0
1	0	34.0	34.0	0
0	1	27.76	34.0	0
0	0	7.07	34.0	0
0	1	5.67	34.0	1
0	1	4.62	34.0	0
0	0	3.97	34.0	0
0	0	3.64	34.0	0
0	1	3.31	34.0	0
0	0	1.25	34.0	0
0	0	1.09	34.0	0
0	0	0.94	34.0	0
0	0	0.93	34.0	0
0	0	0.92	34.0	0
0	0	0.84	34.0	0
0	0	0.83	34.0	0
0	0	0.51	34.0	0
0	0	0.45	34.0	0
0	1	0.43	34.0	0
0	0	0.3	34.0	0
0	0	0.3	34.0	0
0	0	0.3	34.0	0
0	0	0.29	34.0	0
0	0	0.24	34.0	0
0	0	0.21	34.0	0
1	0	41.81	41.81	0
0	0	19.74	41.81	0
0	0	14.52	41.81	0
0	0	6.1	41.81	0
0	1	4.18	41.81	0
0	1	1.88	41.81	0
0	0	1.58	41.81	0
0	0	1.5	41.81	0
0	1	1.4	41.81	0
0	0	1.16	41.81	0
0	0	1.14	41.81	0
0	0	1.13	41.81	0
0	0	0.99	41.81	0
0	0	0.8	41.81	0
0	0	0.6	41.81	0
0	0	0.57	41.81	0
0	0	0.54	41.81	0
0	0	0.26	41.81	0
1	0	60.01	60.01	0
0	0	10.96	60.01	0
0	0	8.68	60.01	0
0	0	4.24	60.01	0
0	0	4.11	60.01	0
0	1	2.12	60.01	0
0	1	1.4	60.01	0
0	0	1.1	60.01	0
0	0	1.02	60.01	0
0	0	1.01	60.01	0
0	0	1.0	60.01	0
0	0	0.78	60.01	0
0	0	0.77	60.01	0
0	0	0.62	60.01	0
0	0	0.59	60.01	0
0	0	0.56	60.01	0
0	1	0.52	60.01	0
0	0	0.44	60.01	0
1	0	52.21	52.21	0
0	0	12.58	52.21	0
0	0	9.48	52.21	0
0	0	6.19	52.21	0
0	1	3.65	52.21	0
0	0	3.02	52.21	0
0	0	1.79	52.21	0
0	0	1.57	52.21	0
0	0	1.51	52.21	0
0	0	1.48	52.21	0
0	0	1.23	52.21	0
0	0	1.2	52.21	0
0	0	1.19	52.21	0
0	0	0.79	52.21	0
0	0	0.57	52.21	0
0	0	0.5	52.21	0
0	0	0.49	52.21	0
0	0	0.45	52.21	0
1	0	62.42	62.42	0
0	0	15.87	62.42	0
0	0	8.11	62.42	0
0	0	4.33	62.42	0
0	0	2.06	62.42	0
0	0	1.02	62.42	0
0	0	1.01	62.42	0
0	0	0.93	62.42	0
0	0	0.81	62.42	0
0	0	0.81	62.42	0
0	0	0.79	62.42	0
0	0	0.5	62.42	0
0	0	0.48	62.42	0
0	0	0.44	62.42	0
0	0	0.34	62.42	0
1	0	58.07	58.07	0
0	0	9.56	58.07	0
0	0	8.06	58.07	0
0	0	5.09	58.07	0
0	1	2.64	58.07	0
0	1	1.95	58.07	0
0	0	1.9	58.07	0
0	0	1.61	58.07	0
0	1	1.56	58.07	0
0	0	1.11	58.07	0
0	0	1.11	58.07	0
0	0	1.09	58.07	0
0	0	1.08	58.07	0
0	0	1.06	58.07	0
0	0	0.96	58.07	0
0	0	0.89	58.07	0
0	0	0.85	58.07	0
0	0	0.73	58.07	0
0	0	0.58	58.07	0
1	0	41.6	41.6	0
0	1	19.56	41.6	0
0	0	10.45	41.6	0
0	0	5.15	41.6	0
0	0	5.09	41.6	0
0	0	2.28	41.6	0
0	0	2.09	41.6	0
0	1	2.09	41.6	0
0	1	1.27	41.6	0
0	0	1.23	41.6	0
0	1	1.12	41.6	0
0	1	0.9	41.6	0
0	0	0.72	41.6	0
0	1	0.72	41.6	0
0	0	0.69	41.6	0
0	1	0.69	41.6	0
0	0	0.67	41.6	0
0	0	0.62	41.6	0
0	1	0.59	41.6	0
0	0	0.56	41.6	0
0	0	0.56	41.6	0
0	0	0.45	41.6	0
0	0	0.44	41.6	0
0	0	0.34	41.6	0
0	1	30.16	30.16	0
0	0	28.0	30.16	0
0	0	13.75	30.16	0
0	0	11.2	30.16	0
1	0	6.45	30.16	0
0	1	4.0	30.16	1
0	1	3.7	30.16	0
0	0	1.89	30.16	0
0	0	0.82	30.16	0
0	1	71.52	71.52	1
0	0	9.12	71.52	0
0	1	5.16	71.52	0
0	1	4.51	71.52	0
0	0	3.6	71.52	0
0	0	3.15	71.52	0
1	0	2.52	71.52	0
0	0	0.37	71.52	0
0	0	64.34	64.34	1
0	1	15.4	64.34	0
0	0	8.44	64.34	0
0	1	5.43	64.34	0
0	0	1.33	64.34	0
1	0	1.23	64.34	0
0	1	0.61	64.34	0
0	1	0.54	64.34	0
0	1	0.5	64.34	0
0	1	0.49	64.34	0
0	0	0.46	64.34	0
0	0	0.36	64.34	0
0	1	0.21	64.34	0
0	0	0.2	64.34	0
0	1	0.19	64.34	0
0	1	0.1	64.34	0
0	1	0.07	64.34	0
0	1	33.32	33.32	0
0	0	33.24	33.32	0
0	1	16.55	33.32	0
0	0	6.15	33.32	0
0	0	3.85	33.32	0
1	0	2.51	33.32	0
0	1	1.17	33.32	0
0	0	1.16	33.32	0
0	0	0.8	33.32	0
0	1	0.74	33.32	0
0	1	0.44	33.32	0
1	0	39.65	39.65	0
0	1	32.95	39.65	0
0	0	8.35	39.65	0
0	1	6.06	39.65	0
0	1	4.5	39.65	0
0	1	3.53	39.65	0
0	0	2.17	39.65	0
0	0	0.99	39.65	0
0	0	0.95	39.65	0
0	0	0.81	39.65	0
0	1	43.22	43.22	0
0	0	37.36	43.22	0
0	1	9.86	43.22	0
0	0	3.9	43.22	0
0	1	2.13	43.22	0
1	0	1.42	43.22	0
0	1	1.34	43.22	0
0	0	0.51	43.22	0
0	1	0.22	43.22	0
0	1	46.73	46.73	0
0	1	38.71	46.73	0
0	1	7.82	46.73	0
0	0	2.09	46.73	0
1	0	2.05	46.73	0
0	1	0.62	46.73	0
0	1	0.46	46.73	0
0	1	0.4	46.73	0
0	1	0.4	46.73	0
0	0	0.37	46.73	0
0	1	0.3	46.73	0
0	1	46.15	46.15	1
0	0	32.69	46.15	0
0	1	5.86	46.15	0
0	0	3.21	46.15	0
0	1	2.94	46.15	0
0	0	2.18	46.15	0
0	1	1.65	46.15	0
0	1	1.48	46.15	0
0	1	0.91	46.15	0
0	1	0.66	46.15	0
0	1	0.51	46.15	0
0	0	0.38	46.15	0
0	1	0.38	46.15	0
0	1	0.37	46.15	0
0	1	0.3	46.15	0
0	1	0.27	46.15	0
0	0	36.46	36.46	0
0	1	17.09	36.46	0
0	1	11.81	36.46	0
0	1	9.15	36.46	0
0	0	8.86	36.46	0
0	0	4.99	36.46	0
0	1	4.69	36.46	0
0	0	1.76	36.46	0
0	1	1.72	36.46	0
1	0	1.67	36.46	0
0	0	0.52	36.46	0
0	1	0.41	36.46	1
0	1	0.32	36.46	0
0	0	0.31	36.46	0
0	1	0.17	36.46	0
0	1	29.61	29.61	0
0	0	29.2	29.61	0
0	1	19.47	29.61	0
0	1	8.47	29.61	0
0	0	6.41	29.61	0
1	0	3.36	29.61	0
0	0	1.87	29.61	0
0	0	1.57	29.61	0
0	1	37.23	37.23	0
0	0	36.39	37.23	0
0	1	18.72	37.23	0
0	0	2.98	37.23	0
0	0	1.38	37.23	0
0	0	1.37	37.23	0
0	1	0.97	37.23	0
1	0	0.93	37.23	0
0	1	40.27	40.27	0
0	0	26.74	40.27	0
0	0	9.84	40.27	0
0	0	5.61	40.27	0
0	0	3.79	40.27	0
0	1	3.59	40.27	0
1	0	2.51	40.27	0
0	0	2.32	40.27	0
0	1	2.02	40.27	0
0	1	1.98	40.27	0
0	1	0.68	40.27	0
0	0	0.59	40.27	0
0	1	48.5	48.5	1
0	0	30.39	48.5	0
0	0	5.61	48.5	0
0	1	4.35	48.5	0
0	0	4.29	48.5	0
0	0	2.92	48.5	0
0	0	1.42	48.5	0
1	0	1.3	48.5	0
0	1	0.95	48.5	0
0	0	0.22	48.5	0
0	1	43.06	43.06	0
1	0	31.79	43.06	0
0	0	9.18	43.06	0
0	0	4.23	43.06	0
0	0	3.11	43.06	0
0	1	2.35	43.06	0
0	1	2.26	43.06	0
0	1	1.79	43.06	0
0	1	1.31	43.06	0
0	0	0.87	43.06	0
1	0	40.94	40.94	0
0	0	24.91	40.94	0
0	0	14.08	40.94	0
0	0	11.66	40.94	0
0	0	3.62	40.94	0
0	1	1.73	40.94	0
0	0	1.56	40.94	0
0	1	1.47	40.94	0
1	0	51.84	51.84	0
0	0	27.78	51.84	0
0	0	13.09	51.84	0
0	0	4.35	51.84	0
0	0	2.91	51.84	0
1	0	38.25	38.25	0
0	0	20.37	38.25	0
0	0	15.68	38.25	0
0	0	11.41	38.25	0
0	0	3.27	38.25	0
0	0	2.74	38.25	0
0	1	1.63	38.25	0
0	0	1.58	38.25	0
0	1	1.43	38.25	0
0	0	1.2	38.25	0
0	1	1.17	38.25	0
0	1	0.79	38.25	0
0	1	0.42	38.25	0
1	0	33.87	33.87	0
0	0	14.68	33.87	0
0	0	12.47	33.87	0
0	0	10.75	33.87	0
0	1	8.11	33.87	0
0	1	5.43	33.87	0
0	1	4.47	33.87	0
0	0	2.5	33.87	0
0	1	1.98	33.87	0
0	1	1.35	33.87	0
0	1	0.81	33.87	0
0	1	0.81	33.87	0
0	0	0.73	33.87	0
0	1	0.69	33.87	0
0	0	0.65	33.87	0
0	1	0.63	33.87	0
1	0	41.4	41.4	0
0	0	23.6	41.4	0
0	0	15.08	41.4	0
0	1	7.72	41.4	0
0	0	3.67	41.4	0
0	1	2.89	41.4	0
0	0	2.46	41.4	0
0	1	1.77	41.4	0
0	1	1.35	41.4	0
1	0	32.81	32.81	0
0	0	15.36	32.81	0
0	0	11.47	32.81	0
0	1	10.88	32.81	0
0	0	10.62	32.81	0
0	0	3.43	32.81	0
0	1	3.4	32.81	0
0	1	3.25	32.81	0
0	1	2.42	32.81	0
0	1	2.07	32.81	0
0	1	1.47	32.81	0
0	0	1.02	32.81	0
0	1	0.73	32.81	0
0	1	0.56	32.81	0
0	0	0.44	32.81	0
1	0	43.37	43.37	0
0	0	22.69	43.37	0
0	0	16.73	43.37	0
0	0	14.56	43.37	0
0	1	2.63	43.37	0
1	0	46.7	46.7	0
0	0	17.71	46.7	0
0	0	15.14	46.7	0
0	0	12.47	46.7	0
0	1	2.51	46.7	0
0	0	2.5	46.7	0
0	0	1.75	46.7	0
0	0	1.17	46.7	0
1	0	45.82	45.82	0
0	0	18.79	45.82	0
0	0	18.09	45.82	0
0	0	17.29	45.82	0
1	0	43.24	43.24	0
0	0	32.76	43.24	0
0	0	11.84	43.24	0
0	0	7.08	43.24	0
0	1	2.27	43.24	0
0	0	1.89	43.24	0
0	0	0.88	43.24	0
1	0	43.51	43.51	0
0	0	19.98	43.51	0
0	0	12.16	43.51	0
0	0	10.08	43.51	0
0	0	6.27	43.51	0
0	1	4.4	43.51	0
0	0	1.28	43.51	0
0	1	1.13	43.51	0
0	1	0.7	43.51	0
0	0	0.46	43.51	0
1	0	54.82	54.82	0
0	0	13.96	54.82	0
0	0	11.87	54.82	0
0	0	10.14	54.82	0
0	0	4.32	54.82	0
0	0	2.73	54.82	0
0	0	2.13	54.82	0
1	0	52.66	52.66	0
0	0	15.3	52.66	0
0	0	10.24	52.66	0
0	0	7.9	52.66	0
0	0	3.37	52.66	0
0	0	2.18	52.66	0
0	1	2.04	52.66	0
0	1	1.96	52.66	0
0	0	1.9	52.66	0
0	0	1.26	52.66	0
0	1	1.15	52.66	0
1	0	37.04	37.04	1
0	1	20.43	37.04	0
0	0	13.81	37.04	0
0	0	10.88	37.04	0
0	0	7.98	37.04	0
0	1	2.66	37.04	0
0	0	2.5	37.04	0
0	0	2.29	37.04	0
0	1	1.13	37.04	0
0	0	0.85	37.04	0
0	1	0.38	37.04	0
1	0	51.37	51.37	0
0	0	14.37	51.37	0
0	0	13.39	51.37	0
0	0	12.94	51.37	0
0	0	5.51	51.37	0
0	1	2.39	51.37	0
1	0	45.07	45.07	1
0	0	22.86	45.07	0
0	0	10.53	45.07	0
0	0	10.13	45.07	0
0	1	3.89	45.07	0
0	1	2.74	45.07	0
0	1	2.45	45.07	0
0	1	1.35	45.07	0
0	1	0.94	45.07	0
1	0	80.85	80.85	0
0	0	10.17	80.85	0
0	0	4.55	80.85	0
0	0	4.41	80.85	0
1	0	65.51	65.51	1
0	0	11.93	65.51	0
0	0	9.61	65.51	0
0	0	7.2	65.51	0
0	1	2.93	65.51	0
0	0	2.78	65.51	0
1	0	50.87	50.87	1
0	0	16.18	50.87	0
0	0	7.92	50.87	0
0	0	6.75	50.87	0
0	0	4.23	50.87	0
0	1	3.96	50.87	0
0	1	3.56	50.87	0
0	1	2.48	50.87	0
0	1	2.48	50.87	0
0	0	1.52	50.87	0
1	0	79.31	79.31	0
0	0	10.19	79.31	0
0	0	4.24	79.31	0
0	0	2.55	79.31	0
0	0	1.57	79.31	0
0	1	0.98	79.31	0
0	1	0.43	79.31	0
0	0	0.36	79.31	0
0	1	0.32	79.31	0
1	0	72.59	72.59	1
0	0	16.06	72.59	0
0	0	7.28	72.59	0
0	0	2.69	72.59	0
0	0	1.35	72.59	0
1	0	73.1	73.1	0
0	0	10.67	73.1	0
0	0	9.08	73.1	0
0	1	4.03	73.1	0
0	0	2.0	73.1	0
0	1	1.1	73.1	0
1	0	76.1	76.1	0
0	0	9.79	76.1	0
0	0	4.66	76.1	0
0	0	4.45	76.1	0
0	0	2.66	76.1	0
0	0	0.74	76.1	0
0	1	0.52	76.1	0
0	0	0.48	76.1	0
0	0	0.39	76.1	0
0	1	0.17	76.1	0
1	0	55.12	55.12	0
0	0	12.3	55.12	0
0	0	11.68	55.12	0
0	0	5.99	55.12	0
0	0	5.88	55.12	0
0	0	4.97	55.12	0
0	1	4.02	55.12	0
1	0	63.94	63.94	0
0	0	23.44	63.94	0
0	0	8.97	63.94	0
0	0	3.62	63.94	0
1	0	72.71	72.71	1
0	0	16.45	72.71	0
0	0	8.4	72.71	0
0	0	2.41	72.71	0
1	0	40.11	40.11	0
0	1	12.24	40.11	0
0	0	11.81	40.11	0
0	0	11.03	40.11	0
0	1	9.58	40.11	0
0	1	7.74	40.11	0
0	0	2.56	40.11	0
0	0	1.66	40.11	0
0	1	1.17	40.11	0
0	1	0.86	40.11	0
0	1	0.54	40.11	0
0	1	0.41	40.11	0
0	1	0.23	40.11	0
1	0	60.74	60.74	1
0	1	13.47	60.74	0
0	0	12.25	60.74	0
0	0	3.92	60.74	0
0	0	3.67	60.74	0
0	0	2.95	60.74	0
0	0	1.43	60.74	0
0	1	0.77	60.74	0
0	1	0.76	60.74	0
1	0	78.86	78.86	0
0	0	12.63	78.86	0
0	0	5.37	78.86	0
0	0	3.11	78.86	0
1	0	77.15	77.15	0
0	0	12.86	77.15	0
0	0	4.07	77.15	0
0	0	2.07	77.15	0
0	0	1.66	77.15	0
0	0	1.43	77.15	0
0	0	0.71	77.15	0
1	0	69.3	69.3	0
0	1	13.03	69.3	0
0	0	9.72	69.3	0
0	0	3.36	69.3	0
0	0	2.61	69.3	0
0	1	1.95	69.3	0
1	0	71.08	71.08	0
0	0	12.1	71.08	0
0	0	6.27	71.08	0
0	0	5.25	71.08	0
0	0	2.88	71.08	0
0	0	1.44	71.08	0
0	1	0.95	71.08	0
1	0	60.5	60.5	1
0	0	17.04	60.5	0
0	0	7.06	60.5	0
0	0	6.45	60.5	0
0	0	4.27	60.5	0
0	0	2.09	60.5	0
0	0	1.62	60.5	0
0	0	0.94	60.5	0
1	0	50.41	50.41	0
0	0	19.45	50.41	0
0	0	11.43	50.41	0
0	0	8.97	50.41	0
0	0	3.08	50.41	0
0	0	2.6	50.41	0
0	0	2.39	50.41	0
0	0	1.63	50.41	0
1	0	64.16	64.16	1
0	0	18.97	64.16	0
0	0	8.85	64.16	0
0	0	4.08	64.16	0
0	1	3.92	64.16	0
1	0	57.7	57.7	0
0	0	17.83	57.7	0
0	0	12.7	57.7	0
0	0	3.98	57.7	0
0	0	3.81	57.7	0
0	0	2.29	57.7	0
0	0	1.66	57.7	0
1	0	54.76	54.76	0
0	0	21.59	54.76	0
0	0	6.81	54.76	0
0	0	6.58	54.76	0
0	0	4.32	54.76	0
0	1	2.84	54.76	0
0	1	1.87	54.76	0
0	0	1.2	54.76	0
0	0	60.97	60.97	0
1	0	25.16	60.97	0
0	1	3.51	60.97	0
0	1	2.13	60.97	0
0	1	2.03	60.97	0
0	1	1.44	60.97	0
0	0	1.35	60.97	0
0	1	1.3	60.97	0
0	1	0.97	60.97	0
0	0	0.72	60.97	0
0	1	0.36	60.97	0
0	1	25.37	25.37	0
1	0	15.84	25.37	0
0	0	15.52	25.37	1
0	1	12.62	25.37	0
0	1	8.5	25.37	0
0	0	3.83	25.37	0
0	0	3.67	25.37	0
0	1	3.04	25.37	0
0	0	2.98	25.37	0
0	1	2.89	25.37	0
0	1	1.96	25.37	0
0	1	0.55	25.37	0
0	1	0.49	25.37	0
0	1	0.43	25.37	0
0	0	0.4	25.37	0
0	1	0.34	25.37	0
0	1	0.29	25.37	0
0	1	0.27	25.37	0
0	1	0.24	25.37	0
0	1	0.23	25.37	0
0	1	0.21	25.37	0
0	1	0.13	25.37	0
0	1	0.1	25.37	0
1	0	32.75	32.75	0
0	0	28.51	32.75	0
0	0	26.13	32.75	0
0	1	3.69	32.75	0
0	0	3.36	32.75	0
0	1	2.61	32.75	0
0	0	1.26	32.75	0
0	1	0.99	32.75	0
0	1	0.65	32.75	0
0	0	66.53	66.53	0
0	0	20.84	66.53	0
0	0	3.77	66.53	0
0	1	3.62	66.53	0
0	0	3.18	66.53	0
0	1	1.15	66.53	0
0	0	0.86	66.53	0
1	0	25.07	25.07	0
0	0	21.92	25.07	0
0	0	21.15	25.07	0
0	1	12.13	25.07	0
0	1	6.01	25.07	0
0	0	4.51	25.07	0
0	0	3.52	25.07	0
0	1	2.93	25.07	0
0	0	1.07	25.07	0
0	1	0.75	25.07	0
0	1	0.55	25.07	0
0	1	0.31	25.07	0
0	1	47.79	47.79	1
0	0	22.03	47.79	0
0	0	14.8	47.79	0
0	0	4.53	47.79	0
1	0	3.22	47.79	0
0	0	2.59	47.79	0
0	1	1.96	47.79	0
0	0	1.84	47.79	0
0	0	1.2	47.79	0
1	0	31.14	31.14	0
0	1	19.51	31.14	1
0	1	16.8	31.14	0
0	0	12.07	31.14	0
0	0	7.73	31.14	0
0	0	6.62	31.14	0
0	0	1.9	31.14	0
0	0	1.68	31.14	0
0	1	0.82	31.14	0
0	1	0.59	31.14	0
0	0	0.51	31.14	0
0	0	0.39	31.14	0
0	1	0.18	31.14	0
0	0	49.42	49.42	1
1	0	14.2	49.42	0
0	0	10.91	49.42	0
0	0	10.59	49.42	0
0	0	5.89	49.42	0
0	1	4.7	49.42	0
0	0	2.48	49.42	0
0	0	1.19	49.42	0
0	0	0.57	49.42	0
1	0	60.2	60.2	0
0	0	36.07	60.2	1
0	0	3.72	60.2	0
0	0	35.13	35.13	0
1	0	34.79	35.13	0
0	0	21.06	35.13	0
0	0	4.31	35.13	0
0	1	1.98	35.13	0
0	1	1.8	35.13	0
0	0	0.9	35.13	0
0	0	54.67	54.67	0
1	0	23.09	54.67	0
0	0	8.95	54.67	0
0	0	4.97	54.67	0
0	1	2.88	54.67	0
0	0	1.18	54.67	0
0	0	1.17	54.67	0
0	1	1.01	54.67	0
0	1	0.96	54.67	0
0	0	0.82	54.67	0
0	1	0.24	54.67	0
1	0	41.22	41.22	0
0	0	36.1	41.22	0
0	0	10.41	41.22	0
0	0	4.88	41.22	0
0	0	4.61	41.22	0
0	1	0.87	41.22	0
0	1	0.78	41.22	0
0	0	0.61	41.22	0
0	0	0.49	41.22	0
1	0	24.92	24.92	1
0	1	22.76	24.92	1
0	0	20.62	24.92	0
0	0	12.75	24.92	0
0	0	6.98	24.92	0
0	1	3.18	24.92	0
0	1	3.06	24.92	0
0	1	2.28	24.92	0
0	1	1.43	24.92	0
0	0	1.2	24.92	0
0	1	0.76	24.92	0
1	0	38.4	38.4	0
0	0	15.73	38.4	0
0	0	15.0	38.4	0
0	0	7.91	38.4	0
0	1	7.27	38.4	0
0	0	2.84	38.4	0
0	1	2.09	38.4	0
0	0	1.78	38.4	0
0	1	1.75	38.4	0
0	1	1.46	38.4	0
0	0	1.29	38.4	0
0	1	1.22	38.4	0
0	0	0.95	38.4	0
0	1	0.63	38.4	0
0	0	0.62	38.4	0
0	1	0.49	38.4	0
0	1	0.49	38.4	0
1	0	31.59	31.59	0
0	0	21.21	31.59	0
0	0	15.31	31.59	0
0	0	14.11	31.59	0
0	1	5.7	31.59	0
0	1	3.28	31.59	0
0	1	2.4	31.59	0
0	0	2.29	31.59	0
0	0	2.23	31.59	0
0	0	1.85	31.59	0
1	0	50.11	50.11	0
0	0	17.78	50.11	0
0	0	13.82	50.11	0
0	0	12.67	50.11	0
0	0	3.34	50.11	0
0	0	2.25	50.11	0
0	1	49.96	49.96	0
0	0	37.86	49.96	0
0	0	7.91	49.96	0
0	0	4.25	49.96	0
1	0	55.85	55.85	0
0	0	19.78	55.85	0
0	0	15.67	55.85	0
0	1	6.87	55.85	0
0	1	1.82	55.85	0
1	0	54.46	54.46	0
0	1	17.28	54.46	0
0	0	11.73	54.46	0
0	0	7.35	54.46	0
0	1	3.14	54.46	0
0	0	2.77	54.46	0
0	1	2.14	54.46	0
0	1	0.64	54.46	0
0	0	0.45	54.46	0
1	0	65.44	65.44	0
0	0	16.35	65.44	0
0	0	12.37	65.44	0
0	0	4.6	65.44	0
0	1	1.21	65.44	0
1	0	39.87	39.87	0
0	0	27.23	39.87	0
0	0	13.11	39.87	0
0	0	11.3	39.87	0
0	1	5.15	39.87	0
0	1	3.31	39.87	0
0	0	55.81	55.81	0
0	1	24.64	55.81	0
0	0	8.88	55.81	0
0	1	3.95	55.81	0
1	0	2.37	55.81	0
0	0	2.1	55.81	0
0	1	0.9	55.81	0
0	1	0.62	55.81	0
0	1	0.36	55.81	0
0	0	0.32	55.81	0
0	0	47.41	47.41	0
0	1	19.75	47.41	1
0	0	8.86	47.41	0
0	1	5.55	47.41	0
0	1	4.88	47.41	0
0	1	4.66	47.41	0
1	0	2.12	47.41	0
0	1	1.4	47.41	0
0	1	1.21	47.41	0
0	1	0.93	47.41	0
0	0	0.92	47.41	0
0	0	0.87	47.41	0
0	0	0.44	47.41	0
0	1	0.36	47.41	0
0	1	0.29	47.41	0
0	1	0.26	47.41	0
0	0	54.61	54.61	0
0	0	17.68	54.61	0
1	0	14.84	54.61	0
0	0	6.52	54.61	0
0	1	3.81	54.61	0
0	0	1.63	54.61	0
0	0	0.89	54.61	0
0	0	29.02	29.02	0
0	0	14.89	29.02	0
0	1	14.42	29.02	0
0	0	9.93	29.02	0
0	1	8.85	29.02	0
0	0	5.92	29.02	0
0	1	3.99	29.02	0
0	0	3.23	29.02	0
0	0	2.75	29.02	0
0	1	1.18	29.02	0
0	0	0.82	29.02	0
1	0	0.74	29.02	0
0	1	0.65	29.02	0
0	1	0.56	29.02	0
0	1	0.52	29.02	0
0	1	0.44	29.02	0
0	1	0.42	29.02	0
0	1	0.37	29.02	0
0	1	0.28	29.02	0
0	1	0.28	29.02	0
0	1	0.24	29.02	0
0	1	0.21	29.02	0
0	1	0.17	29.02	0
0	1	41.53	41.53	0
0	0	38.54	41.53	0
0	0	10.92	41.53	0
1	0	3.04	41.53	0
0	0	1.03	41.53	0
0	0	0.64	41.53	0
0	1	0.58	41.53	0
0	0	0.52	41.53	0
0	1	0.44	41.53	0
0	0	0.43	41.53	0
0	1	0.41	41.53	0
0	1	0.4	41.53	0
0	1	0.4	41.53	0
0	1	0.3	41.53	0
0	1	0.28	41.53	0
0	1	0.25	41.53	0
0	1	0.21	41.53	0
0	1	43.95	43.95	0
0	0	27.69	43.95	0
0	1	23.24	43.95	0
0	1	1.65	43.95	0
0	1	1.42	43.95	0
0	0	1.05	43.95	0
1	0	0.95	43.95	0
0	0	48.57	48.57	0
0	0	25.01	48.57	0
0	1	15.06	48.57	0
0	0	3.01	48.57	0
0	1	1.78	48.57	0
0	0	1.37	48.57	0
0	1	0.99	48.57	0
0	1	0.84	48.57	0
0	1	0.81	48.57	0
0	0	0.61	48.57	0
1	0	0.59	48.57	0
0	1	0.55	48.57	0
0	1	0.43	48.57	0
0	1	0.31	48.57	0
0	1	34.18	34.18	0
0	0	33.87	34.18	0
0	0	12.2	34.18	0
0	0	7.33	34.18	0
0	1	4.03	34.18	0
0	1	3.47	34.18	0
0	0	1.49	34.18	0
0	0	0.9	34.18	0
0	1	0.72	34.18	0
0	0	0.64	34.18	0
0	1	0.4	34.18	0
0	1	0.38	34.18	0
0	0	0.23	34.18	0
0	1	0.08	34.18	0
0	0	51.62	51.62	0
0	0	18.66	51.62	0
0	1	16.97	51.62	1
0	1	3.81	51.62	0
0	0	2.23	51.62	0
0	0	1.7	51.62	0
0	1	1.08	51.62	0
0	1	1.04	51.62	0
0	0	0.66	51.62	0
0	0	0.56	51.62	0
0	1	0.47	51.62	0
0	0	0.44	51.62	0
0	0	0.43	51.62	0
0	0	0.27	51.62	0
1	0	33.67	33.67	0
0	0	30.98	33.67	0
0	1	19.53	33.67	0
0	1	2.55	33.67	0
0	0	2.48	33.67	0
0	1	1.97	33.67	0
0	0	1.77	33.67	0
0	0	1.4	33.67	0
0	1	1.1	33.67	0
0	0	1.05	33.67	0
0	1	0.68	33.67	0
0	0	0.48	33.67	0
0	1	0.34	33.67	0
0	0	0.25	33.67	0
0	0	0.25	33.67	0
0	1	0.24	33.67	0
0	1	0.2	33.67	0
0	0	0.18	33.67	0
0	1	0.17	33.67	0
0	1	0.14	33.67	0
0	1	0.13	33.67	0
0	1	0.12	33.67	0
0	1	0.12	33.67	0
0	1	0.1	33.67	0
1	0	46.83	46.83	0
0	0	32.45	46.83	0
0	0	11.94	46.83	0
0	0	1.46	46.83	0
0	0	1.36	46.83	0
0	0	0.83	46.83	0
0	0	0.72	46.83	0
0	1	0.65	46.83	0
0	0	0.51	46.83	0
0	0	0.45	46.83	0
0	0	0.45	46.83	0
0	0	0.41	46.83	0
0	0	0.41	46.83	0
0	0	0.34	46.83	0
0	0	0.32	46.83	0
0	0	0.3	46.83	0
0	0	0.29	46.83	0
0	0	0.17	46.83	0
1	0	41.8	41.8	1
0	0	39.81	41.8	0
0	0	4.42	41.8	0
0	0	3.49	41.8	0
0	0	2.97	41.8	0
0	0	1.14	41.8	0
0	0	1.07	41.8	0
0	0	1.01	41.8	0
0	1	0.95	41.8	0
0	0	0.82	41.8	0
0	0	0.71	41.8	0
0	0	0.58	41.8	0
0	0	0.49	41.8	0
0	0	0.35	41.8	0
0	0	0.32	41.8	0
0	0	26.9	26.9	0
0	0	22.42	26.9	0
1	0	20.97	26.9	0
0	1	7.16	26.9	0
0	1	6.09	26.9	0
0	1	3.37	26.9	0
0	0	2.25	26.9	0
0	0	1.39	26.9	0
0	1	0.92	26.9	0
0	0	0.58	26.9	0
0	1	0.55	26.9	0
0	0	0.49	26.9	0
0	0	0.49	26.9	0
0	0	0.45	26.9	0
0	0	0.43	26.9	0
0	1	0.41	26.9	0
0	0	0.4	26.9	0
0	1	0.32	26.9	0
0	1	0.28	26.9	0
0	1	0.28	26.9	0
0	1	0.27	26.9	0
0	1	0.26	26.9	0
0	0	0.25	26.9	0
0	0	0.25	26.9	0
0	1	0.24	26.9	0
0	0	0.22	26.9	0
0	0	0.21	26.9	0
0	1	0.21	26.9	0
0	0	0.2	26.9	0
0	0	0.19	26.9	0
0	1	0.18	26.9	0
0	1	0.17	26.9	0
0	1	0.17	26.9	0
0	1	0.17	26.9	0
0	1	0.14	26.9	0
0	1	0.14	26.9	0
0	0	0.13	26.9	0
0	1	0.11	26.9	0
0	0	0.09	26.9	0
0	1	0.07	26.9	0
1	0	38.97	38.97	0
0	0	38.19	38.97	0
0	0	13.29	38.97	0
0	0	4.29	38.97	0
0	0	2.04	38.97	0
0	0	1.32	38.97	0
0	0	1.14	38.97	0
0	1	0.73	38.97	0
0	0	31.04	31.04	0
0	1	16.27	31.04	0
1	0	14.03	31.04	0
0	1	11.99	31.04	0
0	1	8.45	31.04	0
0	1	3.91	31.04	0
0	1	3.5	31.04	0
0	0	2.07	31.04	0
0	0	1.14	31.04	0
0	1	1.01	31.04	0
0	0	1.0	31.04	0
0	1	0.74	31.04	0
0	1	0.71	31.04	0
0	0	0.59	31.04	0
0	1	0.56	31.04	0
0	0	0.46	31.04	0
0	1	0.37	31.04	0
0	0	0.37	31.04	0
0	0	0.36	31.04	0
0	0	0.34	31.04	0
0	0	0.33	31.04	0
0	1	0.33	31.04	0
0	0	0.19	31.04	0
0	0	0.12	31.04	0
0	1	34.33	34.33	0
0	1	22.22	34.33	0
0	0	11.2	34.33	1
0	1	9.37	34.33	0
0	1	8.52	34.33	0
0	1	4.0	34.33	0
0	0	2.5	34.33	0
0	0	2.03	34.33	0
0	1	1.3	34.33	0
0	0	1.07	34.33	0
0	1	1.02	34.33	0
0	1	0.77	34.33	0
0	1	0.66	34.33	0
0	0	0.62	34.33	0
0	1	0.32	34.33	0
0	0	32.8	32.8	0
1	0	30.27	32.8	0
0	0	12.66	32.8	0
0	0	7.28	32.8	0
0	0	5.42	32.8	0
0	1	2.66	32.8	0
0	0	2.43	32.8	0
0	1	1.57	32.8	0
0	1	1.34	32.8	0
0	0	1.2	32.8	0
0	1	0.66	32.8	0
0	0	0.62	32.8	0
0	0	0.61	32.8	0
0	0	0.21	32.8	0
0	0	0.19	32.8	0
1	0	36.88	36.88	0
0	0	32.56	36.88	0
0	0	8.98	36.88	0
0	0	8.88	36.88	0
0	1	4.39	36.88	0
0	0	2.37	36.88	0
0	1	1.84	36.88	0
0	1	1.17	36.88	0
0	1	1.02	36.88	0
0	1	0.99	36.88	0
0	0	0.87	36.88	0
1	0	30.77	30.77	0
0	0	20.92	30.77	0
0	1	17.1	30.77	0
0	0	9.89	30.77	0
0	0	7.06	30.77	0
0	0	6.09	30.77	0
0	0	5.32	30.77	0
0	1	0.9	30.77	0
0	0	0.72	30.77	0
0	1	0.65	30.77	0
0	0	0.53	30.77	0
1	0	29.1	29.1	1
0	0	19.79	29.1	0
0	0	19.69	29.1	0
0	0	10.73	29.1	0
0	1	8.82	29.1	0
0	0	3.57	29.1	0
0	0	3.0	29.1	0
0	1	1.96	29.1	0
0	0	1.81	29.1	0
0	0	0.85	29.1	0
0	1	0.61	29.1	0
1	0	45.51	45.51	0
0	0	26.32	45.51	0
0	0	8.18	45.51	0
0	0	7.36	45.51	0
0	1	7.0	45.51	0
0	1	1.87	45.51	0
0	0	1.4	45.51	0
0	1	1.22	45.51	0
0	1	1.1	45.51	0
0	1	39.98	39.98	0
1	0	24.48	39.98	0
0	1	20.0	39.98	0
0	0	5.26	39.98	0
0	0	2.98	39.98	0
0	1	1.74	39.98	0
0	1	0.69	39.98	0
0	1	0.66	39.98	0
0	0	0.65	39.98	0
0	1	0.56	39.98	0
0	1	0.33	39.98	0
0	1	0.32	39.98	0
0	1	0.3	39.98	0
0	1	0.28	39.98	0
0	1	0.25	39.98	0
0	1	0.22	39.98	0
0	1	0.17	39.98	0
0	1	0.15	39.98	0
0	1	0.13	39.98	0
0	1	0.13	39.98	0
0	1	0.1	39.98	0
0	0	0.1	39.98	0
0	1	0.09	39.98	0
0	1	0.08	39.98	0
0	1	0.08	39.98	0
0	1	0.06	39.98	0
0	1	0.04	39.98	0
0	1	0.04	39.98	0
1	0	59.7	59.7	0
0	0	15.19	59.7	0
0	0	8.66	59.7	0
0	0	7.13	59.7	0
0	0	2.76	59.7	0
0	1	2.1	59.7	0
0	1	1.68	59.7	0
0	1	1.62	59.7	0
0	0	0.56	59.7	0
0	1	0.54	59.7	0
1	0	41.41	41.41	0
0	1	17.32	41.41	0
0	0	11.65	41.41	0
0	0	10.39	41.41	0
0	0	6.26	41.41	0
0	0	4.38	41.41	0
0	0	2.08	41.41	0
0	0	1.24	41.41	0
0	1	1.18	41.41	0
0	1	0.82	41.41	0
0	1	0.75	41.41	0
0	1	0.7	41.41	0
0	1	0.6	41.41	0
0	1	0.44	41.41	0
0	0	0.43	41.41	0
0	1	0.27	41.41	0
1	0	42.58	42.58	0
0	1	38.98	42.58	0
0	0	8.1	42.58	0
0	0	3.18	42.58	0
0	0	2.72	42.58	0
0	1	1.76	42.58	0
0	1	0.84	42.58	0
0	0	0.69	42.58	0
0	1	0.45	42.58	0
0	1	0.35	42.58	0
0	1	0.29	42.58	0
0	1	35.19	35.19	0
1	0	32.97	35.19	0
0	1	12.3	35.19	0
0	0	8.17	35.19	0
0	1	3.8	35.19	1
0	1	2.96	35.19	0
0	0	1.29	35.19	0
0	0	0.9	35.19	0
0	1	0.84	35.19	0
0	1	0.54	35.19	0
0	0	0.47	35.19	0
0	1	0.29	35.19	0
0	1	0.22	35.19	0
1	0	44.13	44.13	0
0	1	14.21	44.13	0
0	0	11.57	44.13	0
0	1	9.38	44.13	0
0	0	4.12	44.13	0
0	1	3.17	44.13	0
0	0	2.54	44.13	0
0	0	2.42	44.13	0
0	1	2.4	44.13	0
0	0	1.25	44.13	0
0	1	1.22	44.13	0
0	0	1.12	44.13	0
0	1	1.0	44.13	0
0	0	0.66	44.13	0
0	0	0.37	44.13	0
0	1	0.36	44.13	0
1	0	48.08	48.08	0
0	1	19.28	48.08	0
0	0	15.89	48.08	0
0	1	7.06	48.08	0
0	0	4.26	48.08	0
0	1	2.88	48.08	0
0	1	1.46	48.08	0
0	0	1.05	48.08	0
1	0	52.04	52.04	0
0	0	19.75	52.04	0
0	0	17.56	52.04	0
0	1	5.04	52.04	0
0	0	2.27	52.04	0
0	0	1.78	52.04	0
0	1	1.53	52.04	0
1	0	46.88	46.88	1
0	1	26.64	46.88	0
0	0	11.85	46.88	0
0	0	6.72	46.88	0
0	1	2.13	46.88	0
0	1	1.3	46.88	0
0	1	1.23	46.88	1
0	0	0.98	46.88	0
0	0	0.95	46.88	0
0	1	0.68	46.88	0
0	1	0.58	46.88	0
1	0	60.18	60.18	0
0	0	20.19	60.18	0
0	0	7.24	60.18	0
0	0	5.41	60.18	0
0	0	4.09	60.18	0
0	0	1.56	60.18	0
0	0	1.28	60.18	0
1	0	64.87	64.87	0
0	0	15.12	64.87	0
0	1	6.35	64.87	0
0	0	5.05	64.87	0
0	0	3.02	64.87	0
0	1	2.41	64.87	0
0	0	1.65	64.87	0
0	0	1.5	64.87	0
0	0	43.09	43.09	0
0	0	31.63	43.09	0
0	0	11.33	43.09	0
1	0	3.79	43.09	0
0	0	2.06	43.09	0
0	1	1.56	43.09	0
0	0	1.56	43.09	0
0	1	1.03	43.09	0
0	1	0.82	43.09	0
0	1	0.67	43.09	0
0	0	0.45	43.09	0
0	1	0.45	43.09	0
0	0	0.42	43.09	0
0	1	0.4	43.09	0
0	1	0.39	43.09	0
0	0	0.28	43.09	0
0	0	68.02	68.02	0
0	0	16.86	68.02	0
1	0	4.46	68.02	0
0	1	3.98	68.02	0
0	0	2.86	68.02	0
0	0	1.55	68.02	0
0	0	1.19	68.02	0
0	1	0.52	68.02	0
0	0	0.52	68.02	0
0	0	27.34	27.34	0
0	1	24.38	27.34	1
0	0	17.92	27.34	0
1	0	12.53	27.34	0
0	0	4.22	27.34	0
0	0	3.34	27.34	0
0	1	2.47	27.34	0
0	0	2.24	27.34	0
0	0	1.61	27.34	0
0	0	1.02	27.34	0
0	1	0.94	27.34	0
0	0	0.93	27.34	0
0	1	0.44	27.34	0
0	1	0.4	27.34	0
0	1	0.15	27.34	0
0	0	57.21	57.21	0
0	1	28.35	57.21	0
0	0	8.24	57.21	0
1	0	2.19	57.21	0
0	0	1.29	57.21	0
0	0	0.64	57.21	0
0	1	0.5	57.21	0
0	1	0.49	57.21	0
0	0	0.39	57.21	0
0	1	0.35	57.21	0
0	0	0.28	57.21	0
0	0	64.86	64.86	0
0	1	10.68	64.86	0
0	0	6.9	64.86	0
1	0	4.82	64.86	0
0	1	4.09	64.86	0
0	1	3.12	64.86	0
0	0	1.71	64.86	0
0	0	1.17	64.86	0
0	1	1.05	64.86	0
0	0	0.69	64.86	0
0	0	0.51	64.86	0
0	1	0.34	64.86	0
0	1	47.04	47.04	0
0	0	38.88	47.04	0
0	0	4.71	47.04	0
0	0	2.95	47.04	0
1	0	2.84	47.04	0
0	1	2.31	47.04	0
0	0	0.54	47.04	0
0	0	0.36	47.04	0
0	0	0.32	47.04	0
0	0	49.11	49.11	0
0	1	9.65	49.11	0
0	1	7.11	49.11	0
0	1	6.57	49.11	0
0	1	4.44	49.11	0
0	1	3.91	49.11	0
0	1	3.54	49.11	0
0	1	2.96	49.11	0
1	0	2.9	49.11	0
0	0	1.62	49.11	0
0	1	1.51	49.11	0
0	1	1.23	49.11	0
0	0	1.1	49.11	0
0	1	1.06	49.11	0
0	1	0.96	49.11	0
0	0	0.79	49.11	0
0	0	0.62	49.11	0
0	0	0.45	49.11	0
0	1	0.2	49.11	0
0	0	0.17	49.11	0
0	0	55.86	55.86	0
0	1	36.54	55.86	0
0	1	2.24	55.86	0
0	1	1.05	55.86	0
1	0	0.83	55.86	0
0	0	0.7	55.86	0
0	0	0.59	55.86	0
0	1	0.44	55.86	0
0	0	0.42	55.86	0
0	1	0.38	55.86	0
0	1	0.34	55.86	0
0	0	0.3	55.86	0
0	0	0.23	55.86	0
0	0	30.12	30.12	0
0	1	23.52	30.12	0
0	0	21.39	30.12	0
0	1	12.49	30.12	0
0	0	4.97	30.12	0
0	1	1.95	30.12	0
1	0	1.49	30.12	0
0	0	1.21	30.12	0
0	1	0.97	30.12	0
0	0	0.85	30.12	0
0	0	0.57	30.12	0
0	1	0.4	30.12	0
0	0	61.73	61.73	0
0	1	21.7	61.73	0
0	0	6.0	61.73	0
0	1	3.52	61.73	0
1	0	2.73	61.73	0
0	0	1.41	61.73	0
0	0	1.03	61.73	0
0	0	1.0	61.73	0
0	1	0.84	61.73	0
0	0	35.61	35.61	0
0	0	27.56	35.61	0
0	1	19.74	35.61	0
0	1	11.57	35.61	0
0	0	1.98	35.61	0
1	0	1.33	35.61	0
0	1	0.61	35.61	0
0	0	0.44	35.61	0
0	0	0.35	35.61	0
0	1	0.24	35.61	0
0	1	0.19	35.61	0
0	0	0.17	35.61	0
0	1	0.13	35.61	0
0	0	41.2	41.2	0
0	0	25.04	41.2	0
0	1	21.49	41.2	0
0	1	4.19	41.2	0
0	1	3.15	41.2	1
1	0	2.0	41.2	0
0	0	0.95	41.2	0
0	0	0.78	41.2	0
0	1	0.7	41.2	0
0	0	0.23	41.2	0
0	0	0.12	41.2	0
0	0	0.09	41.2	0
1	0	45.77	45.77	0
0	0	15.72	45.77	0
0	0	9.08	45.77	0
0	1	8.49	45.77	0
0	0	7.4	45.77	0
0	0	5.86	45.77	0
0	1	4.81	45.77	0
0	0	1.71	45.77	0
0	1	0.62	45.77	0
0	0	0.49	45.77	0
1	0	37.96	37.96	0
0	1	22.58	37.96	0
0	0	12.69	37.96	0
0	0	10.39	37.96	0
0	0	7.5	37.96	0
0	1	2.72	37.96	0
0	0	1.42	37.96	0
0	1	1.3	37.96	0
0	0	1.11	37.96	0
0	0	1.02	37.96	0
0	1	0.69	37.96	0
0	1	0.55	37.96	0
1	0	48.04	48.04	0
0	1	28.03	48.04	0
0	0	12.71	48.04	0
0	1	3.67	48.04	0
0	0	3.38	48.04	0
0	0	2.15	48.04	0
0	0	1.99	48.04	0
0	0	42.23	42.23	0
1	0	38.0	42.23	0
0	0	15.28	42.23	0
0	0	2.57	42.23	0
0	0	1.89	42.23	0
1	0	44.21	44.21	0
0	0	14.0	44.21	0
0	1	13.71	44.21	0
0	0	9.51	44.21	0
0	0	8.8	44.21	0
0	1	5.51	44.21	0
0	1	3.07	44.21	0
0	0	1.16	44.21	0
1	0	39.97	39.97	0
0	0	39.66	39.97	0
0	0	7.48	39.97	1
0	0	6.15	39.97	0
0	1	4.19	39.97	0
0	1	1.47	39.97	0
0	1	1.03	39.97	0
0	1	26.6	26.6	0
1	0	20.46	26.6	0
0	0	14.35	26.6	0
0	0	10.77	26.6	0
0	1	9.15	26.6	0
0	1	8.63	26.6	0
0	0	4.83	26.6	0
0	1	0.62	26.6	0
0	1	0.62	26.6	0
0	0	0.43	26.6	0
0	1	0.38	26.6	0
0	1	0.36	26.6	0
0	1	0.25	26.6	0
0	1	0.24	26.6	0
0	1	0.24	26.6	0
0	0	0.22	26.6	0
0	1	0.21	26.6	0
0	1	0.21	26.6	0
0	1	0.19	26.6	0
0	1	0.18	26.6	0
0	1	0.17	26.6	0
0	1	0.15	26.6	0
0	1	0.14	26.6	0
0	1	0.13	26.6	0
0	1	0.09	26.6	0
0	1	0.08	26.6	0
0	1	0.08	26.6	0
0	1	0.05	26.6	0
0	0	32.03	32.03	0
0	1	30.86	32.03	0
0	0	18.21	32.03	0
0	0	5.98	32.03	0
0	1	3.34	32.03	0
0	1	2.45	32.03	0
0	1	2.17	32.03	0
0	0	1.51	32.03	0
0	1	0.94	32.03	0
0	1	0.65	32.03	0
0	1	0.63	32.03	0
0	1	0.58	32.03	0
0	1	0.57	32.03	0
1	0	56.79	56.79	1
0	0	25.04	56.79	0
0	0	13.49	56.79	0
0	1	2.94	56.79	0
0	1	1.72	56.79	0
1	0	60.91	60.91	0
0	0	16.06	60.91	0
0	0	8.23	60.91	0
0	0	3.95	60.91	0
0	1	2.84	60.91	0
0	0	1.62	60.91	0
0	1	1.07	60.91	0
0	1	0.8	60.91	0
0	1	0.73	60.91	0
0	1	0.47	60.91	0
0	1	0.42	60.91	0
0	1	0.42	60.91	0
0	1	0.41	60.91	0
0	1	0.39	60.91	0
0	1	0.33	60.91	0
0	1	0.26	60.91	0
0	1	0.25	60.91	0
0	1	0.18	60.91	0
0	1	0.17	60.91	0
0	1	0.15	60.91	0
0	1	0.14	60.91	0
0	1	0.1	60.91	0
1	0	48.46	48.46	1
0	0	15.82	48.46	0
0	0	11.85	48.46	0
0	0	10.5	48.46	0
0	0	8.72	48.46	0
0	0	2.31	48.46	0
0	0	2.3	48.46	0
1	0	57.65	57.65	0
0	0	19.09	57.65	0
0	0	11.58	57.65	0
0	0	7.39	57.65	0
0	1	2.41	57.65	0
0	1	1.85	57.65	0
1	0	53.58	53.58	0
0	0	26.14	53.58	0
0	0	17.22	53.58	0
0	0	3.03	53.58	0
0	1	32.07	32.07	0
0	0	17.44	32.07	0
0	1	12.88	32.07	0
0	0	12.58	32.07	0
0	1	12.22	32.07	0
0	0	7.63	32.07	0
0	1	1.32	32.07	0
0	1	1.24	32.07	0
0	1	0.79	32.07	0
0	0	0.53	32.07	0
0	1	0.44	32.07	0
0	1	0.43	32.07	0
0	1	0.37	32.07	0
1	0	41.53	41.53	0
0	1	34.78	41.53	0
0	0	11.18	41.53	0
0	1	3.25	41.53	0
0	1	2.29	41.53	0
0	1	2.12	41.53	0
0	1	1.64	41.53	0
0	1	1.41	41.53	0
0	1	1.39	41.53	0
0	1	0.37	41.53	0
0	1	39.06	39.06	1
1	0	26.36	39.06	1
0	1	14.38	39.06	0
0	0	10.8	39.06	0
0	0	4.88	39.06	0
0	0	1.71	39.06	0
0	1	1.6	39.06	0
0	1	0.82	39.06	0
0	0	0.34	39.06	0
1	0	23.76	23.76	1
0	1	16.83	23.76	0
0	1	14.79	23.76	0
0	1	13.32	23.76	0
0	0	8.74	23.76	0
0	0	8.32	23.76	0
0	1	4.68	23.76	0
0	1	2.28	23.76	0
0	0	2.21	23.76	0
0	1	1.96	23.76	0
0	0	1.62	23.76	0
0	1	0.62	23.76	0
0	1	0.53	23.76	0
0	1	0.26	23.76	0
0	0	32.21	32.21	0
0	1	25.19	32.21	0
0	1	16.07	32.21	0
0	1	7.07	32.21	0
0	0	6.96	32.21	0
0	1	2.87	32.21	0
0	0	1.84	32.21	0
0	0	1.83	32.21	0
0	1	1.79	32.21	0
0	1	1.34	32.21	0
0	0	1.21	32.21	0
0	1	0.73	32.21	0
0	0	0.47	32.21	0
0	1	0.36	32.21	0
0	0	36.45	36.45	0
0	1	30.31	36.45	0
0	0	12.21	36.45	0
0	0	6.37	36.45	0
0	0	4.0	36.45	0
0	0	3.09	36.45	0
0	0	1.98	36.45	0
0	1	1.51	36.45	0
0	1	1.38	36.45	0
0	1	0.93	36.45	0
0	0	0.9	36.45	0
0	0	0.81	36.45	0
0	1	34.35	34.35	0
0	0	23.46	34.35	0
1	0	16.68	34.35	0
0	0	9.37	34.35	0
0	0	8.25	34.35	0
0	1	3.86	34.35	0
0	1	1.9	34.35	0
0	1	1.12	34.35	0
0	1	0.96	34.35	0
0	1	43.32	43.32	0
0	0	35.97	43.32	0
0	0	11.21	43.32	0
0	1	5.48	43.32	0
0	1	3.99	43.32	0
0	1	47.41	47.41	0
0	0	24.18	47.41	0
1	0	6.92	47.41	0
0	1	6.48	47.41	0
0	0	5.63	47.41	0
0	0	2.7	47.41	0
0	1	2.16	47.41	0
0	0	1.64	47.41	0
0	0	1.63	47.41	0
0	1	0.69	47.41	0
0	1	0.48	47.41	0
1	0	35.67	35.67	1
0	0	31.15	35.67	0
0	1	19.77	35.67	0
0	0	5.61	35.67	0
0	0	4.24	35.67	0
0	0	2.24	35.67	0
0	0	1.28	35.67	0
0	1	61.2	61.2	1
0	1	12.11	61.2	0
0	0	8.91	61.2	0
0	1	6.11	61.2	0
0	0	5.34	61.2	0
1	0	4.13	61.2	0
0	0	1.4	61.2	0
0	1	0.76	61.2	0
0	0	41.27	41.27	0
0	1	30.38	41.27	0
1	0	14.35	41.27	0
0	0	4.12	41.27	0
0	0	3.12	41.27	0
0	1	2.91	41.27	0
0	1	2.59	41.27	0
0	1	0.5	41.27	0
0	0	0.41	41.27	0
0	1	0.31	41.27	0
0	0	39.75	39.75	0
0	1	17.39	39.75	0
0	1	15.05	39.75	0
0	1	12.38	39.75	0
0	1	6.23	39.75	0
0	0	3.64	39.75	0
0	0	1.25	39.75	0
0	1	1.16	39.75	0
0	0	0.84	39.75	0
0	1	0.8	39.75	0
0	0	0.6	39.75	0
0	1	0.55	39.75	0
0	1	0.27	39.75	0
0	0	48.32	48.32	0
1	0	26.69	48.32	0
0	1	12.85	48.32	0
0	0	6.75	48.32	0
0	0	2.6	48.32	0
0	0	1.14	48.32	0
0	0	1.1	48.32	0
0	1	0.5	48.32	0
0	0	38.65	38.65	0
0	1	27.58	38.65	0
0	1	16.32	38.65	0
0	0	9.59	38.65	0
0	0	3.05	38.65	0
0	1	1.55	38.65	0
0	0	1.33	38.65	0
0	0	0.87	38.65	0
0	0	0.59	38.65	0
0	0	0.41	38.65	0
1	0	32.76	32.76	0
0	0	31.53	32.76	0
0	1	15.64	32.76	0
0	0	9.4	32.76	0
0	0	6.64	32.76	0
0	0	4.0	32.76	0
0	0	32.17	32.17	0
0	0	28.33	32.17	1
0	1	16.66	32.17	0
0	1	4.68	32.17	0
0	1	3.25	32.17	0
1	0	3.1	32.17	0
0	0	2.26	32.17	0
0	1	2.07	32.17	0
0	1	1.94	32.17	0
0	0	1.84	32.17	0
0	1	1.37	32.17	0
0	0	1.35	32.17	0
0	0	0.93	32.17	0
0	0	41.75	41.75	0
0	1	32.16	41.75	0
1	0	5.53	41.75	0
0	1	4.46	41.75	0
0	0	4.39	41.75	0
0	1	4.14	41.75	0
0	0	1.29	41.75	0
0	0	1.23	41.75	0
0	0	1.15	41.75	0
0	0	1.1	41.75	0
0	1	0.92	41.75	0
0	1	0.64	41.75	0
0	1	0.61	41.75	0
0	1	0.58	41.75	0
0	1	40.14	40.14	1
1	0	23.51	40.14	0
0	0	11.29	40.14	0
0	1	7.85	40.14	0
0	0	6.68	40.14	0
0	0	3.93	40.14	0
0	1	2.34	40.14	0
0	1	1.33	40.14	0
0	0	1.21	40.14	0
0	0	1.1	40.14	0
0	1	0.56	40.14	0
1	0	63.37	63.37	0
0	0	14.66	63.37	0
0	0	9.29	63.37	0
0	1	2.72	63.37	0
0	0	2.54	63.37	0
0	1	2.26	63.37	0
0	1	2.08	63.37	0
0	0	1.91	63.37	0
0	1	1.13	63.37	0
0	1	31.5	31.5	0
1	0	17.2	31.5	0
0	1	17.12	31.5	0
0	0	13.79	31.5	0
0	0	9.87	31.5	1
0	1	3.32	31.5	0
0	0	2.24	31.5	0
0	1	1.12	31.5	0
0	0	0.87	31.5	0
0	0	0.73	31.5	0
0	1	0.65	31.5	0
0	1	0.48	31.5	0
0	1	0.26	31.5	0
0	1	0.21	31.5	0
0	1	0.21	31.5	0
0	1	0.21	31.5	0
0	1	0.14	31.5	0
0	0	42.7	42.7	0
1	0	29.54	42.7	0
0	0	10.3	42.7	0
0	0	4.35	42.7	0
0	0	2.99	42.7	0
0	0	2.46	42.7	0
0	1	1.98	42.7	0
0	1	1.65	42.7	0
0	1	1.32	42.7	0
0	1	1.01	42.7	0
0	0	0.91	42.7	0
0	0	0.71	42.7	0
0	0	34.55	34.55	0
1	0	31.68	34.55	1
0	0	14.72	34.55	0
0	0	14.58	34.55	0
0	0	1.97	34.55	0
0	0	1.81	34.55	0
0	1	0.65	34.55	0
0	0	56.65	56.65	0
0	0	15.18	56.65	0
0	1	8.28	56.65	0
0	0	7.18	56.65	0
0	1	4.52	56.65	0
1	0	2.38	56.65	0
0	0	1.69	56.65	0
0	0	1.31	56.65	0
0	0	1.16	56.65	0
0	1	0.57	56.65	0
0	1	0.35	56.65	0
0	1	0.34	56.65	0
0	1	0.34	56.65	0
0	0	45.33	45.33	0
0	1	20.69	45.33	0
0	1	15.92	45.33	0
0	0	10.63	45.33	0
0	0	2.31	45.33	0
0	0	1.31	45.33	0
0	1	1.18	45.33	0
1	0	0.72	45.33	0
0	0	0.45	45.33	0
0	1	0.43	45.33	0
0	1	0.42	45.33	0
0	1	0.34	45.33	0
0	1	0.2	45.33	0
0	0	39.53	39.53	0
0	1	21.86	39.53	0
0	0	20.36	39.53	0
0	0	7.06	39.53	0
0	1	3.55	39.53	0
0	1	2.7	39.53	0
0	0	1.66	39.53	0
1	0	1.28	39.53	0
0	0	1.17	39.53	0
0	0	0.77	39.53	0
0	0	38.97	38.97	0
0	1	25.48	38.97	0
0	0	20.12	38.97	0
0	1	11.02	38.97	0
0	1	2.78	38.97	0
0	0	0.89	38.97	0
0	0	0.7	38.97	0
0	0	33.68	33.68	1
0	1	16.01	33.68	0
0	1	10.99	33.68	0
0	1	10.26	33.68	0
0	1	7.8	33.68	1
0	1	6.72	33.68	0
0	0	4.76	33.68	0
0	1	3.43	33.68	0
0	1	2.08	33.68	0
0	0	1.77	33.68	0
0	0	1.09	33.68	0
0	0	0.69	33.68	0
1	0	0.66	33.68	0
1	0	43.44	43.44	0
0	0	29.34	43.44	0
0	0	13.94	43.44	0
0	0	2.72	43.44	0
0	0	2.4	43.44	0
0	1	2.13	43.44	0
0	0	2.11	43.44	0
0	1	1.98	43.44	0
0	1	1.89	43.44	0
1	0	41.82	41.82	0
0	0	34.13	41.82	0
0	0	13.67	41.82	0
0	1	3.62	41.82	0
0	0	2.83	41.82	0
0	1	2.06	41.82	0
0	1	1.84	41.82	0
1	0	38.39	38.39	1
0	0	22.15	38.39	0
0	0	20.7	38.39	0
0	0	12.94	38.39	0
0	0	2.55	38.39	0
0	0	1.82	38.39	0
0	1	1.41	38.39	0
1	0	46.31	46.31	0
0	0	23.83	46.31	0
0	0	15.02	46.31	0
0	0	3.99	46.31	0
0	1	2.35	46.31	0
0	1	1.91	46.31	0
0	0	1.43	46.31	0
0	0	1.43	46.31	0
0	1	1.18	46.31	0
0	1	1.06	46.31	0
0	0	0.91	46.31	0
0	0	0.52	46.31	0
1	0	51.97	51.97	0
0	0	20.6	51.97	0
0	0	15.05	51.97	0
0	0	3.9	51.97	0
0	0	3.52	51.97	0
0	1	2.11	51.97	0
0	0	2.09	51.97	0
0	1	0.71	51.97	0
1	0	50.6	50.6	0
0	0	14.21	50.6	0
0	1	13.46	50.6	1
0	0	10.13	50.6	0
0	0	4.42	50.6	0
0	0	4.3	50.6	0
0	1	2.84	50.6	0
1	0	59.28	59.28	1
0	0	12.62	59.28	0
0	0	10.62	59.28	0
0	0	10.27	59.28	0
0	1	2.34	59.28	0
0	0	1.59	59.28	0
0	0	1.33	59.28	0
0	1	1.03	59.28	0
0	1	0.88	59.28	0
1	0	54.84	54.84	0
0	0	19.5	54.84	0
0	0	11.38	54.84	0
0	0	10.29	54.84	0
0	1	3.96	54.84	0
1	0	58.64	58.64	0
0	1	17.76	58.64	1
0	0	12.93	58.64	0
0	0	8.32	58.64	0
0	0	1.28	58.64	0
0	1	1.04	58.64	0
1	0	56.82	56.82	0
0	0	22.71	56.82	0
0	0	15.46	56.82	0
0	1	2.42	56.82	0
0	1	1.14	56.82	0
0	0	0.79	56.82	0
0	0	0.62	56.82	0
1	0	65.59	65.59	0
0	0	14.27	65.59	0
0	0	9.74	65.59	0
0	0	6.79	65.59	0
0	1	3.58	65.59	0
1	0	45.16	45.16	1
0	0	13.56	45.16	0
0	0	12.4	45.16	0
0	1	12.37	45.16	0
0	1	8.5	45.16	0
0	1	3.7	45.16	0
0	0	2.5	45.16	0
0	1	1.78	45.16	0
1	0	55.32	55.32	1
0	0	19.99	55.32	0
0	0	10.29	55.32	0
0	1	9.65	55.32	0
0	0	3.37	55.32	0
0	1	1.35	55.32	0
1	0	56.15	56.15	0
0	0	12.29	56.15	0
0	1	11.12	56.15	0
0	0	9.21	56.15	0
0	1	3.79	56.15	0
0	1	3.22	56.15	0
0	1	2.51	56.15	0
0	1	1.68	56.15	0
1	0	37.9	37.9	0
0	0	36.6	37.9	0
0	0	14.86	37.9	0
0	0	4.62	37.9	0
0	1	3.58	37.9	0
0	1	2.41	37.9	0
0	0	39.49	39.49	0
1	0	32.78	39.49	0
0	0	10.22	39.49	0
0	1	4.52	39.49	0
0	0	2.84	39.49	0
0	1	1.89	39.49	0
0	1	1.7	39.49	0
0	0	1.52	39.49	0
0	0	1.48	39.49	0
0	1	1.44	39.49	0
0	1	1.03	39.49	0
0	0	1.01	39.49	0
1	0	19.98	19.98	0
0	1	19.96	19.98	0
0	0	14.05	19.98	0
0	0	13.34	19.98	0
0	1	13.29	19.98	0
0	0	9.99	19.98	0
0	0	6.74	19.98	0
0	0	1.64	19.98	0
0	1	0.99	19.98	0
1	0	25.31	25.31	0
0	0	21.23	25.31	0
0	0	16.18	25.31	1
0	0	14.82	25.31	0
0	1	8.3	25.31	0
0	0	2.95	25.31	0
0	0	2.94	25.31	0
0	0	1.77	25.31	0
0	0	1.53	25.31	0
0	1	1.32	25.31	0
0	1	1.29	25.31	0
0	1	0.84	25.31	0
0	1	0.77	25.31	0
0	1	0.67	25.31	0
0	1	30.52	30.52	0
1	0	21.92	30.52	0
0	0	21.77	30.52	0
0	0	12.23	30.52	0
0	0	5.13	30.52	0
0	0	4.14	30.52	0
0	0	2.58	30.52	0
0	0	0.99	30.52	0
0	1	0.67	30.52	0
0	0	40.34	40.34	1
0	1	28.26	40.34	0
0	0	15.73	40.34	0
0	0	6.89	40.34	0
0	1	3.89	40.34	0
0	1	2.68	40.34	0
0	0	1.2	40.34	0
0	1	0.97	40.34	0
0	1	28.39	28.39	0
0	1	27.89	28.39	0
0	0	20.78	28.39	0
0	0	10.58	28.39	0
0	1	3.35	28.39	0
1	0	1.98	28.39	0
0	0	1.88	28.39	0
0	1	1.19	28.39	0
0	1	0.78	28.39	0
0	1	0.72	28.39	0
0	1	0.55	28.39	0
0	0	0.53	28.39	0
0	1	0.45	28.39	0
0	1	0.39	28.39	0
0	1	0.32	28.39	0
0	0	0.15	28.39	0
0	0	19.39	19.39	0
1	0	18.61	19.39	1
0	1	17.28	19.39	0
0	1	13.9	19.39	0
0	1	8.62	19.39	0
0	1	7.03	19.39	0
0	1	4.31	19.39	0
0	0	3.98	19.39	0
0	0	2.33	19.39	0
0	1	1.74	19.39	0
0	1	1.17	19.39	1
0	1	0.71	19.39	0
0	1	0.59	19.39	0
0	1	0.26	19.39	0
0	1	42.65	42.65	1
0	0	38.94	42.65	0
0	0	6.46	42.65	0
0	0	3.86	42.65	0
0	0	3.61	42.65	0
1	0	2.21	42.65	0
0	1	1.88	42.65	0
0	0	0.35	42.65	0
0	1	25.4	25.4	0
1	0	20.74	25.4	0
0	0	20.26	25.4	0
0	0	10.72	25.4	1
0	0	8.84	25.4	0
0	0	4.08	25.4	0
0	1	3.46	25.4	0
0	1	2.49	25.4	0
0	1	2.41	25.4	0
0	1	1.23	25.4	0
0	0	0.31	25.4	0
0	1	58.04	58.04	0
0	0	17.38	58.04	0
0	1	11.22	58.04	0
0	0	6.02	58.04	0
0	0	2.4	58.04	0
0	0	1.86	58.04	0
1	0	1.28	58.04	0
0	1	0.93	58.04	0
0	1	0.83	58.04	0
0	1	44.2	44.2	0
0	0	35.34	44.2	0
0	0	7.8	44.2	0
0	0	5.21	44.2	0
0	0	3.52	44.2	0
0	1	2.08	44.2	0
0	0	1.29	44.2	0
0	0	0.53	44.2	0
0	0	40.79	40.79	0
0	1	25.29	40.79	0
0	0	11.45	40.79	0
0	0	8.45	40.79	0
1	0	5.53	40.79	0
0	1	3.51	40.79	0
0	1	3.42	40.79	0
0	1	1.53	40.79	0
0	1	43.8	43.8	0
0	0	31.77	43.8	0
0	0	10.15	43.8	0
0	0	3.64	43.8	0
0	0	2.74	43.8	0
0	1	2.22	43.8	0
0	1	1.94	43.8	0
0	1	1.11	43.8	0
0	1	0.72	43.8	0
0	1	0.66	43.8	0
0	0	0.46	43.8	0
0	1	0.39	43.8	0
0	1	0.33	43.8	0
1	0	42.73	42.73	0
0	0	31.59	42.73	0
0	1	9.08	42.73	0
0	0	6.37	42.73	0
0	0	2.91	42.73	0
0	1	1.24	42.73	0
0	0	1.19	42.73	0
0	1	1.01	42.73	0
0	1	0.91	42.73	0
0	1	0.7	42.73	0
0	1	0.69	42.73	0
0	1	0.58	42.73	0
0	1	0.56	42.73	0
0	1	0.36	42.73	0
0	1	35.65	35.65	1
0	0	31.82	35.65	0
1	0	11.37	35.65	0
0	0	7.04	35.65	0
0	0	3.64	35.65	0
0	1	2.68	35.65	0
0	1	1.48	35.65	0
0	1	1.27	35.65	0
0	0	0.96	35.65	0
0	1	0.77	35.65	0
0	1	0.76	35.65	0
0	1	0.36	35.65	0
0	1	0.33	35.65	0
0	0	0.32	35.65	0
0	1	0.3	35.65	0
0	1	0.26	35.65	0
0	1	0.25	35.65	0
0	1	0.23	35.65	0
0	1	0.23	35.65	0
0	1	0.17	35.65	0
0	1	29.4	29.4	1
0	0	20.51	29.4	0
0	1	19.98	29.4	0
0	1	8.28	29.4	0
0	1	5.64	29.4	0
0	0	4.91	29.4	0
0	0	2.51	29.4	0
0	1	2.22	29.4	0
0	0	1.33	29.4	0
0	0	1.31	29.4	0
1	0	1.02	29.4	0
0	0	0.83	29.4	0
0	1	0.47	29.4	0
0	0	0.38	29.4	0
0	1	0.26	29.4	0
0	1	0.26	29.4	0
0	1	0.24	29.4	0
0	1	0.18	29.4	0
0	1	0.17	29.4	0
0	1	28.74	28.74	0
0	0	26.02	28.74	0
0	1	12.59	28.74	1
0	0	11.97	28.74	0
0	1	5.66	28.74	0
0	1	5.26	28.74	0
0	0	2.88	28.74	0
0	1	2.22	28.74	0
1	0	1.65	28.74	0
0	0	1.34	28.74	0
0	1	0.81	28.74	0
0	1	0.43	28.74	0
0	1	0.38	28.74	0
1	0	29.9	29.9	0
0	0	22.79	29.9	0
0	0	17.96	29.9	0
0	1	11.18	29.9	0
0	1	8.7	29.9	0
0	0	3.75	29.9	0
0	0	2.88	29.9	0
0	1	0.93	29.9	0
0	1	0.68	29.9	0
0	0	0.67	29.9	0
0	0	0.36	29.9	0
0	1	0.14	29.9	0
0	0	52.04	52.04	0
1	0	33.91	52.04	0
0	0	6.54	52.04	0
0	0	2.37	52.04	0
0	0	2.01	52.04	0
0	1	0.59	52.04	0
0	1	0.56	52.04	0
0	0	0.55	52.04	0
0	0	0.51	52.04	0
0	0	0.44	52.04	0
0	1	0.26	52.04	0
0	0	0.15	52.04	0
0	0	40.31	40.31	0
1	0	26.42	40.31	1
0	1	14.53	40.31	0
0	0	6.28	40.31	0
0	1	3.49	40.31	0
0	1	2.28	40.31	0
0	0	1.82	40.31	0
0	0	1.6	40.31	0
0	0	1.22	40.31	1
0	1	1.2	40.31	0
0	1	0.79	40.31	0
1	0	51.73	51.73	0
0	0	13.64	51.73	0
0	0	7.24	51.73	0
0	1	6.2	51.73	0
0	1	4.48	51.73	0
0	1	4.31	51.73	0
0	1	3.57	51.73	0
0	0	3.54	51.73	0
0	0	2.01	51.73	0
0	0	1.87	51.73	0
0	1	1.36	51.73	0
1	0	57.54	57.54	0
0	0	14.43	57.54	0
0	1	8.41	57.54	0
0	1	8.03	57.54	1
0	1	2.7	57.54	0
0	1	2.39	57.54	0
0	0	1.63	57.54	0
0	1	1.36	57.54	0
0	1	1.01	57.54	0
0	0	0.94	57.54	0
0	0	0.88	57.54	0
0	1	0.62	57.54	0
0	0	50.2	50.2	0
1	0	28.11	50.2	0
0	0	8.42	50.2	0
0	0	6.58	50.2	0
0	0	1.22	50.2	0
0	1	1.05	50.2	0
0	1	0.96	50.2	0
0	0	0.92	50.2	0
0	0	0.73	50.2	0
0	1	0.42	50.2	0
0	1	0.41	50.2	0
0	1	0.36	50.2	0
0	1	0.3	50.2	0
0	1	0.25	50.2	0
0	1	40.63	40.63	1
1	0	19.52	40.63	0
0	0	17.71	40.63	0
0	0	6.69	40.63	0
0	0	6.32	40.63	0
0	0	2.95	40.63	0
0	1	2.66	40.63	0
0	0	1.0	40.63	0
0	0	0.49	40.63	0
0	0	0.44	40.63	0
0	0	0.39	40.63	0
0	0	0.35	40.63	0
0	1	0.33	40.63	0
0	1	0.26	40.63	0
0	0	0.18	40.63	0
0	1	38.13	38.13	0
0	0	14.09	38.13	0
0	0	10.79	38.13	0
0	0	10.03	38.13	0
0	0	7.86	38.13	0
0	1	7.73	38.13	0
0	1	4.2	38.13	1
0	1	2.21	38.13	0
0	1	1.77	38.13	0
0	1	1.2	38.13	0
0	1	1.09	38.13	0
0	0	0.83	38.13	0
0	0	55.67	55.67	0
0	1	25.54	55.67	0
0	0	8.82	55.67	0
0	1	2.8	55.67	0
0	0	2.59	55.67	0
0	0	0.92	55.67	0
0	0	0.84	55.67	0
0	0	0.74	55.67	0
0	1	0.55	55.67	0
0	1	0.49	55.67	0
0	1	0.48	55.67	0
0	1	0.26	55.67	0
0	0	0.23	55.67	0
0	1	46.52	46.52	0
0	0	24.12	46.52	0
0	0	5.87	46.52	0
0	1	4.52	46.52	0
0	0	4.19	46.52	0
0	1	3.99	46.52	0
0	0	3.2	46.52	0
0	1	3.01	46.52	0
0	1	2.03	46.52	0
0	0	0.95	46.52	0
0	1	0.55	46.52	0
0	1	0.52	46.52	0
0	1	0.46	46.52	0
0	1	34.22	34.22	0
0	0	21.25	34.22	0
0	1	15.77	34.22	0
0	1	10.11	34.22	0
0	0	5.91	34.22	0
1	0	3.5	34.22	0
0	0	3.08	34.22	0
0	0	2.25	34.22	0
0	1	1.06	34.22	0
0	1	1.05	34.22	0
0	1	0.96	34.22	0
0	1	0.79	34.22	0
0	0	30.4	30.4	1
1	0	26.51	30.4	0
0	0	26.2	30.4	0
0	0	3.77	30.4	0
0	1	3.13	30.4	0
0	1	2.21	30.4	0
0	1	1.75	30.4	0
0	0	1.02	30.4	0
0	1	0.9	30.4	0
0	1	0.79	30.4	0
0	0	0.71	30.4	0
0	0	0.58	30.4	0
0	1	0.4	30.4	0
0	1	0.35	30.4	0
0	1	0.35	30.4	0
0	1	0.31	30.4	0
0	0	0.28	30.4	0
0	1	0.24	30.4	0
0	0	30.22	30.22	0
0	1	15.77	30.22	0
0	0	13.39	30.22	0
0	1	11.46	30.22	0
0	1	9.0	30.22	0
0	1	6.47	30.22	0
0	1	2.85	30.22	0
0	0	1.97	30.22	0
1	0	1.96	30.22	0
0	1	1.92	30.22	0
0	1	0.53	30.22	0
0	1	0.52	30.22	0
0	0	0.43	30.22	0
0	0	0.38	30.22	0
0	0	0.34	30.22	0
0	1	0.25	30.22	0
0	0	0.23	30.22	0
0	0	0.22	30.22	0
0	1	0.22	30.22	0
0	0	0.21	30.22	0
0	0	0.17	30.22	0
0	1	0.14	30.22	0
0	1	0.12	30.22	0
0	1	0.11	30.22	0
0	1	0.09	30.22	0
0	1	0.08	30.22	0
0	1	0.08	30.22	0
0	1	0.08	30.22	0
0	1	0.07	30.22	0
0	1	0.06	30.22	0
0	0	0.06	30.22	0
0	1	0.06	30.22	0
0	1	0.06	30.22	0
0	1	0.05	30.22	0
0	1	0.05	30.22	0
0	0	0.05	30.22	0
0	1	0.05	30.22	0
0	1	0.05	30.22	0
0	1	0.03	30.22	0
0	0	36.66	36.66	1
0	1	15.91	36.66	0
0	0	14.87	36.66	0
1	0	14.27	36.66	0
0	1	9.16	36.66	0
0	0	2.45	36.66	0
0	1	1.87	36.66	0
0	1	1.21	36.66	0
0	0	0.82	36.66	0
0	1	0.75	36.66	0
0	0	0.74	36.66	0
0	1	0.48	36.66	0
0	1	0.42	36.66	0
0	0	0.31	36.66	0
0	0	38.91	38.91	0
0	1	33.52	38.91	0
0	0	4.17	38.91	0
1	0	3.7	38.91	0
0	1	3.22	38.91	0
0	0	2.96	38.91	0
0	0	2.68	38.91	0
0	1	1.9	38.91	0
0	1	1.33	38.91	0
0	1	1.05	38.91	0
0	1	0.82	38.91	0
0	1	0.8	38.91	0
0	1	0.73	38.91	0
0	1	0.63	38.91	0
0	1	0.61	38.91	0
0	1	0.58	38.91	0
0	1	0.51	38.91	0
0	0	0.51	38.91	0
0	0	0.49	38.91	0
0	1	0.4	38.91	0
0	1	0.37	38.91	0
0	0	33.14	33.14	0
0	1	32.95	33.14	0
0	0	19.01	33.14	0
0	0	3.19	33.14	0
1	0	2.95	33.14	0
0	1	2.05	33.14	0
0	0	1.67	33.14	0
0	0	0.91	33.14	0
0	1	0.9	33.14	0
0	1	0.76	33.14	0
0	1	0.76	33.14	0
0	1	0.68	33.14	0
0	1	0.44	33.14	0
0	1	0.28	33.14	0
0	1	0.22	33.14	0
0	0	29.27	29.27	0
0	1	27.7	29.27	0
0	0	17.09	29.27	0
0	1	4.57	29.27	0
1	0	3.57	29.27	0
0	0	3.27	29.27	0
0	1	3.0	29.27	0
0	1	1.86	29.27	0
0	0	0.87	29.27	0
0	1	0.84	29.27	0
0	0	0.79	29.27	0
0	1	0.78	29.27	0
0	1	0.76	29.27	0
0	1	0.58	29.27	0
0	1	0.54	29.27	0
0	0	0.53	29.27	0
0	1	0.5	29.27	0
0	1	0.5	29.27	0
0	0	0.43	29.27	0
0	1	0.42	29.27	0
0	0	0.39	29.27	0
0	1	0.38	29.27	0
0	0	0.37	29.27	0
0	1	0.28	29.27	0
0	1	0.23	29.27	0
0	1	0.23	29.27	0
0	1	0.13	29.27	0
0	0	31.75	31.75	0
0	1	25.45	31.75	0
0	0	15.48	31.75	0
0	1	5.18	31.75	0
0	1	4.32	31.75	0
1	0	2.65	31.75	0
0	1	2.63	31.75	0
0	0	2.61	31.75	0
0	0	2.56	31.75	0
0	1	1.3	31.75	0
0	0	1.03	31.75	0
0	0	0.85	31.75	0
0	1	0.77	31.75	0
0	1	0.73	31.75	0
0	1	0.56	31.75	0
0	0	0.53	31.75	0
0	1	0.41	31.75	0
0	0	0.34	31.75	0
0	1	0.26	31.75	0
0	1	0.2	31.75	0
0	1	0.15	31.75	0
0	1	0.12	31.75	0
0	0	38.85	38.85	0
0	1	25.77	38.85	0
0	1	11.76	38.85	0
1	0	6.05	38.85	0
0	0	4.93	38.85	1
0	0	3.36	38.85	0
0	1	1.64	38.85	0
0	1	1.28	38.85	0
0	0	1.1	38.85	0
0	1	1.08	38.85	0
0	1	0.86	38.85	0
0	1	0.85	38.85	0
0	0	0.77	38.85	0
0	1	0.52	38.85	0
0	0	0.43	38.85	0
0	1	0.39	38.85	0
0	1	0.26	38.85	0
0	0	44.2	44.2	1
0	1	30.3	44.2	0
0	1	4.65	44.2	0
1	0	3.15	44.2	0
0	0	2.75	44.2	0
0	1	2.68	44.2	0
0	1	1.86	44.2	0
0	1	1.24	44.2	0
0	1	1.22	44.2	0
0	0	1.11	44.2	0
0	0	0.97	44.2	0
0	1	0.76	44.2	0
0	1	0.63	44.2	0
0	1	0.62	44.2	0
0	1	0.44	44.2	0
0	1	0.42	44.2	0
0	1	0.41	44.2	0
0	1	0.39	44.2	0
0	1	0.31	44.2	0
0	1	0.24	44.2	0
0	1	0.23	44.2	0
0	1	0.21	44.2	0
0	1	0.19	44.2	0
0	1	0.18	44.2	0
0	1	0.14	44.2	0
0	1	0.14	44.2	0
0	1	0.14	44.2	0
0	1	0.13	44.2	0
0	1	0.13	44.2	0
0	0	32.03	32.03	0
0	0	14.06	32.03	0
0	1	11.37	32.03	0
0	0	10.73	32.03	0
1	0	6.65	32.03	0
0	1	4.42	32.03	0
0	1	3.99	32.03	0
0	0	3.33	32.03	0
0	1	1.69	32.03	0
0	0	1.51	32.03	0
0	1	1.19	32.03	0
0	0	1.13	32.03	0
0	0	1.05	32.03	0
0	1	1.05	32.03	0
0	0	0.87	32.03	0
0	1	0.64	32.03	0
0	1	0.61	32.03	0
0	1	0.52	32.03	0
0	0	0.49	32.03	0
0	1	0.42	32.03	0
0	1	0.35	32.03	0
0	0	0.32	32.03	0
0	0	0.29	32.03	0
0	0	0.27	32.03	0
0	1	0.26	32.03	0
0	1	0.22	32.03	0
0	1	0.18	32.03	0
0	0	0.14	32.03	0
0	1	0.09	32.03	0
0	0	30.52	30.52	0
0	0	20.24	30.52	0
0	1	18.03	30.52	0
0	1	12.12	30.52	1
0	0	4.65	30.52	0
0	1	3.48	30.52	0
1	0	2.53	30.52	0
0	0	1.41	30.52	0
0	0	1.03	30.52	0
0	0	0.91	30.52	0
0	1	0.91	30.52	0
0	1	0.91	30.52	0
0	1	0.75	30.52	0
0	1	0.59	30.52	0
0	1	0.55	30.52	0
0	1	0.46	30.52	0
0	0	0.33	30.52	0
0	1	0.27	30.52	0
0	0	0.22	30.52	0
0	0	33.87	33.87	0
0	0	25.88	33.87	0
1	0	20.94	33.87	0
0	0	4.52	33.87	0
0	1	2.96	33.87	0
0	1	2.36	33.87	0
0	1	2.17	33.87	0
0	0	0.89	33.87	0
0	1	0.84	33.87	0
0	0	0.83	33.87	0
0	0	0.73	33.87	0
0	0	0.57	33.87	0
0	1	0.57	33.87	0
0	0	0.56	33.87	0
0	0	0.41	33.87	0
0	1	0.39	33.87	0
0	1	0.34	33.87	0
0	1	0.3	33.87	0
0	1	0.27	33.87	0
0	0	0.26	33.87	0
0	1	0.23	33.87	0
0	1	27.57	27.57	0
0	0	27.12	27.57	0
0	0	15.96	27.57	0
0	0	8.22	27.57	0
1	0	4.2	27.57	0
0	0	3.42	27.57	0
0	1	3.24	27.57	0
0	0	1.94	27.57	0
0	1	1.76	27.57	0
0	1	1.34	27.57	1
0	1	0.77	27.57	0
0	0	0.68	27.57	0
0	1	0.6	27.57	0
0	1	0.52	27.57	0
0	1	0.51	27.57	0
0	1	0.39	27.57	0
0	1	0.29	27.57	0
0	1	0.28	27.57	0
0	1	0.28	27.57	0
0	1	0.23	27.57	0
0	1	0.22	27.57	0
0	1	0.14	27.57	0
0	1	0.12	27.57	0
0	1	0.1	27.57	0
1	0	42.64	42.64	0
0	0	27.8	42.64	0
0	0	16.08	42.64	0
0	0	4.29	42.64	0
0	0	3.41	42.64	0
0	0	1.66	42.64	0
0	0	1.57	42.64	0
0	0	0.93	42.64	0
0	1	0.85	42.64	0
0	0	0.71	42.64	0
1	0	43.01	43.01	0
0	0	20.3	43.01	0
0	1	11.33	43.01	0
0	1	9.45	43.01	0
0	0	3.19	43.01	0
0	0	2.75	43.01	0
0	0	2.04	43.01	0
0	1	1.15	43.01	0
0	1	1.08	43.01	0
0	0	1.07	43.01	0
0	1	0.9	43.01	0
0	1	0.78	43.01	0
0	1	0.68	43.01	0
0	1	0.67	43.01	0
0	0	0.64	43.01	0
0	0	0.46	43.01	0
0	0	0.41	43.01	0
1	0	51.37	51.37	1
0	0	12.42	51.37	1
0	0	10.31	51.37	0
0	1	8.48	51.37	1
0	1	3.56	51.37	1
0	0	2.18	51.37	0
0	0	1.88	51.37	0
0	0	1.83	51.37	0
0	1	1.6	51.37	0
0	1	1.16	51.37	0
0	1	1.02	51.37	0
0	1	0.88	51.37	0
0	1	0.75	51.37	0
0	1	0.74	51.37	0
0	0	0.61	51.37	1
0	0	0.49	51.37	0
0	1	0.38	51.37	0
0	1	0.27	51.37	0
1	0	64.04	64.04	0
0	0	13.9	64.04	0
0	0	6.73	64.04	0
0	0	3.21	64.04	0
0	1	2.81	64.04	0
0	0	2.15	64.04	1
0	1	1.48	64.04	0
0	0	1.43	64.04	1
0	1	1.1	64.04	0
0	0	1.01	64.04	0
0	0	0.96	64.04	0
0	1	0.61	64.04	0
0	1	0.51	64.04	0
0	1	44.79	44.79	1
1	0	41.29	44.79	1
0	1	8.02	44.79	0
0	1	1.82	44.79	1
0	0	1.44	44.79	0
0	0	0.98	44.79	0
0	1	0.93	44.79	0
0	1	0.37	44.79	0
0	1	0.3	44.79	0
1	0	42.57	42.57	1
0	0	10.56	42.57	0
0	1	9.42	42.57	1
0	1	8.78	42.57	1
0	1	8.71	42.57	0
0	0	4.09	42.57	1
0	1	3.25	42.57	0
0	0	2.6	42.57	0
0	1	2.2	42.57	0
0	0	1.73	42.57	0
0	0	1.56	42.57	0
0	1	1.16	42.57	0
0	1	0.85	42.57	0
0	1	0.83	42.57	0
0	1	0.79	42.57	0
0	1	0.68	42.57	0
0	1	0.15	42.57	0
1	0	34.04	34.04	0
1	0	29.18	34.04	1
0	1	11.06	34.04	0
0	0	6.3	34.04	0
0	0	5.12	34.04	0
0	1	4.63	34.04	1
0	0	2.08	34.04	0
0	1	1.94	34.04	0
0	0	1.68	34.04	1
0	1	1.37	34.04	0
0	1	1.08	34.04	0
0	1	0.79	34.04	0
0	1	0.65	34.04	0
0	1	21.61	21.61	1
0	1	21.57	21.61	0
0	1	11.16	21.61	1
0	1	8.44	21.61	1
0	0	8.15	21.61	0
0	1	7.97	21.61	0
0	1	4.15	21.61	1
0	0	2.34	21.61	0
0	0	1.98	21.61	0
0	1	1.79	21.61	0
0	1	1.64	21.61	0
0	1	1.6	21.61	1
0	1	1.4	21.61	0
0	0	1.35	21.61	0
0	0	0.84	21.61	1
0	1	0.65	21.61	0
0	1	0.63	21.61	0
0	1	0.62	21.61	0
0	1	0.47	21.61	0
0	1	0.43	21.61	0
0	1	0.33	21.61	0
0	1	0.31	21.61	0
0	1	0.3	21.61	0
0	1	0.16	21.61	0
0	1	47.63	47.63	1
1	0	27.15	47.63	0
0	0	6.84	47.63	0
0	0	6.43	47.63	0
0	1	3.29	47.63	0
0	1	3.11	47.63	0
0	1	2.44	47.63	0
0	0	1.76	47.63	0
0	0	1.31	47.63	1
1	0	51.68	51.68	0
0	1	14.82	51.68	1
0	0	12.48	51.68	0
0	0	11.8	51.68	1
0	1	3.21	51.68	1
0	1	1.89	51.68	0
0	0	1.4	51.68	0
0	1	1.01	51.68	0
0	0	0.86	51.68	0
0	1	0.79	51.68	0
1	0	30.69	30.69	1
0	1	17.13	30.69	0
0	0	10.72	30.69	1
0	1	9.15	30.69	0
0	1	8.25	30.69	0
0	0	7.38	30.69	0
0	0	6.89	30.69	0
0	1	2.21	30.69	0
0	1	2.01	30.69	0
0	1	1.79	30.69	0
0	1	1.74	30.69	0
0	0	1.17	30.69	1
0	1	0.82	30.69	0
0	1	35.24	35.24	1
1	0	20.53	35.24	0
0	0	9.08	35.24	1
0	1	8.57	35.24	1
0	1	7.99	35.24	0
0	1	7.81	35.24	0
0	0	5.76	35.24	0
0	1	1.67	35.24	0
0	1	1.26	35.24	0
0	1	0.85	35.24	0
0	0	0.8	35.24	1
0	0	0.39	35.24	0
0	1	63.49	63.49	1
0	0	14.12	63.49	0
0	0	9.15	63.49	0
0	1	7.25	63.49	0
0	0	2.58	63.49	0
0	1	2.11	63.49	0
0	0	0.68	63.49	1
0	0	0.6	63.49	0
1	0	24.24	24.24	0
0	1	24.21	24.24	0
1	0	10.93	24.24	0
0	1	8.36	24.24	0
0	0	7.18	24.24	0
0	1	7.01	24.24	0
0	1	5.2	24.24	0
0	1	3.45	24.24	0
0	1	2.65	24.24	1
0	0	2.19	24.24	0
0	1	1.38	24.24	0
0	0	1.17	24.24	0
0	0	1.13	24.24	1
0	0	0.7	24.24	0
0	1	0.13	24.24	0
0	1	40.9	40.9	1
0	0	22.17	40.9	0
0	1	12.88	40.9	1
0	0	8.18	40.9	0
0	1	4.68	40.9	0
0	0	2.26	40.9	1
0	0	1.97	40.9	0
0	1	1.93	40.9	0
0	0	1.73	40.9	0
0	1	1.23	40.9	0
0	1	1.02	40.9	0
0	1	1.01	40.9	0
0	1	30.9	30.9	1
1	0	19.67	30.9	0
0	1	15.76	30.9	0
0	0	8.7	30.9	0
0	0	5.79	30.9	0
0	1	5.7	30.9	0
0	0	4.42	30.9	1
0	0	4.05	30.9	0
0	0	3.43	30.9	0
0	0	1.52	30.9	0
1	0	27.9	27.9	1
0	0	27.21	27.9	0
1	0	8.98	27.9	0
0	0	8.69	27.9	0
0	1	7.49	27.9	1
0	1	4.75	27.9	0
0	1	3.91	27.9	1
0	0	3.68	27.9	0
0	0	3.04	27.9	0
0	1	1.52	27.9	0
0	1	1.18	27.9	0
0	1	0.9	27.9	0
0	0	0.68	27.9	1
1	0	36.18	36.18	0
0	0	25.62	36.18	1
1	0	9.69	36.18	0
0	0	7.32	36.18	0
0	0	4.94	36.18	0
0	1	4.1	36.18	0
0	0	3.47	36.18	0
0	0	2.73	36.18	0
0	0	2.3	36.18	0
0	0	1.67	36.18	0
0	0	1.31	36.18	1
0	0	0.6	36.18	0
0	1	56.66	56.66	0
0	1	18.52	56.66	0
0	1	6.51	56.66	0
0	0	6.48	56.66	0
0	0	6.18	56.66	0
0	1	2.86	56.66	0
0	0	2.75	56.66	0
1	0	33.5	33.5	0
0	1	18.55	33.5	1
0	0	9.11	33.5	0
0	0	7.44	33.5	0
0	1	7.01	33.5	0
0	0	6.23	33.5	0
0	0	5.27	33.5	1
0	0	5.01	33.5	0
0	0	4.87	33.5	0
0	1	2.19	33.5	0
0	1	0.77	33.5	0
1	0	29.71	29.71	1
1	0	18.27	29.71	0
0	1	13.32	29.71	0
0	0	10.63	29.71	0
0	0	7.81	29.71	0
0	0	6.73	29.71	0
0	0	4.72	29.71	0
0	1	3.28	29.71	0
0	1	3.19	29.71	0
0	0	2.28	29.71	0
1	0	26.08	26.08	0
0	1	25.99	26.08	0
0	1	15.95	26.08	1
0	1	7.0	26.08	0
0	0	5.59	26.08	0
1	0	5.46	26.08	0
0	1	4.44	26.08	0
0	1	2.62	26.08	1
0	0	2.31	26.08	0
0	0	2.02	26.08	0
0	1	2.0	26.08	1
0	0	0.47	26.08	1
0	1	33.36	33.36	1
1	0	26.33	33.36	0
0	1	11.06	33.36	0
0	0	7.86	33.36	0
0	0	5.79	33.36	0
0	1	4.96	33.36	0
0	1	3.96	33.36	0
0	1	3.93	33.36	0
0	0	1.3	33.36	0
0	1	0.79	33.36	0
0	1	0.6	33.36	0
0	1	24.75	24.75	0
1	0	20.54	24.75	0
1	0	11.65	24.75	0
0	1	7.6	24.75	0
0	0	5.62	24.75	0
0	1	5.45	24.75	1
0	0	5.29	24.75	0
0	1	4.32	24.75	1
0	1	3.46	24.75	0
0	0	3.37	24.75	0
0	1	3.0	24.75	0
0	1	2.53	24.75	0
0	1	2.36	24.75	0
1	0	28.43	28.43	1
0	1	19.89	28.43	0
1	0	7.48	28.43	0
0	1	7.13	28.43	0
0	1	5.95	28.43	0
0	0	5.76	28.43	1
0	0	5.42	28.43	0
0	0	3.63	28.43	0
0	1	2.92	28.43	0
0	1	2.71	28.43	0
0	1	2.65	28.43	0
0	1	1.92	28.43	0
0	1	1.86	28.43	0
0	0	1.66	28.43	0
0	1	0.91	28.43	0
0	1	0.9	28.43	0
0	1	0.71	28.43	0
0	1	24.29	24.29	0
1	0	20.75	24.29	0
0	1	14.6	24.29	0
0	0	11.53	24.29	0
0	0	7.56	24.29	0
0	0	6.97	24.29	0
1	0	6.49	24.29	1
0	0	4.26	24.29	0
0	0	3.52	24.29	0
0	1	33.0	33.0	1
0	1	14.05	33.0	0
1	0	11.44	33.0	0
0	1	8.9	33.0	0
1	0	5.2	33.0	0
0	0	5.07	33.0	0
0	1	4.84	33.0	1
0	1	3.88	33.0	0
0	1	2.88	33.0	0
0	0	1.91	33.0	0
0	1	1.87	33.0	0
0	1	1.69	33.0	1
0	0	1.33	33.0	0
0	0	1.31	33.0	0
0	1	0.98	33.0	0
0	1	0.77	33.0	1
0	0	0.42	33.0	0
0	1	0.37	33.0	0
0	1	50.4	50.4	1
0	1	15.1	50.4	0
0	0	5.71	50.4	0
0	1	4.45	50.4	1
0	0	3.67	50.4	1
1	0	3.53	50.4	0
0	1	3.27	50.4	0
0	1	3.15	50.4	0
0	0	3.01	50.4	0
0	1	3.01	50.4	0
0	1	2.46	50.4	0
0	1	2.16	50.4	0
0	1	39.02	39.02	1
1	0	14.69	39.02	0
0	0	9.99	39.02	0
0	1	3.89	39.02	0
0	0	3.8	39.02	0
0	0	3.47	39.02	0
0	1	3.04	39.02	0
0	1	2.87	39.02	1
1	0	2.67	39.02	0
0	0	2.4	39.02	0
0	1	2.33	39.02	0
0	1	2.33	39.02	0
0	1	2.15	39.02	0
0	1	2.08	39.02	0
0	1	1.64	39.02	1
0	1	1.44	39.02	1
0	1	0.85	39.02	1
0	1	0.66	39.02	0
0	1	0.32	39.02	0
0	1	0.26	39.02	0
0	1	31.25	31.25	0
0	1	15.94	31.25	0
0	1	12.77	31.25	0
1	0	8.99	31.25	0
0	1	8.84	31.25	0
0	0	7.97	31.25	0
0	0	7.0	31.25	0
0	0	3.84	31.25	0
0	0	3.36	31.25	0
0	0	30.27	30.27	0
0	1	13.76	30.27	0
0	0	10.51	30.27	0
1	0	9.77	30.27	0
0	1	8.05	30.27	0
0	0	7.41	30.27	0
0	0	4.43	30.27	0
0	0	4.08	30.27	0
0	0	3.58	30.27	0
0	1	3.13	30.27	1
0	1	2.57	30.27	0
0	1	1.11	30.27	0
0	0	0.9	30.27	0
0	1	0.37	30.27	0
1	0	27.55	27.55	1
0	0	13.36	27.55	1
0	0	10.72	27.55	0
0	0	8.57	27.55	0
1	0	7.07	27.55	0
0	1	5.73	27.55	0
0	0	4.83	27.55	0
0	1	4.8	27.55	0
0	0	4.54	27.55	0
0	0	3.48	27.55	0
0	1	2.99	27.55	0
0	1	2.69	27.55	0
0	0	2.66	27.55	0
0	1	0.95	27.55	0
0	1	72.73	72.73	1
1	0	12.4	72.73	0
0	1	7.9	72.73	0
0	0	2.55	72.73	0
0	1	2.1	72.73	1
0	1	0.65	72.73	0
0	1	0.55	72.73	0
0	1	0.45	72.73	0
0	1	0.3	72.73	0
0	1	0.25	72.73	0
0	0	0.1	72.73	0
0	1	47.47	47.47	1
0	1	27.66	47.47	0
0	0	6.57	47.47	0
0	1	5.06	47.47	0
0	0	3.93	47.47	0
0	1	3.14	47.47	1
0	1	3.07	47.47	0
0	1	1.82	47.47	0
0	1	1.23	47.47	0
0	0	34.17	34.17	0
0	1	16.88	34.17	0
1	0	11.29	34.17	1
0	1	7.15	34.17	0
0	1	4.87	34.17	0
0	1	4.51	34.17	1
0	1	4.16	34.17	0
0	1	3.3	34.17	0
0	1	2.18	34.17	0
0	1	2.02	34.17	0
0	0	1.56	34.17	0
0	1	1.39	34.17	0
0	1	1.05	34.17	0
0	0	1.02	34.17	0
0	0	0.67	34.17	0
0	1	0.6	34.17	1
0	1	0.55	34.17	0
0	1	0.37	34.17	0
0	1	0.28	34.17	0
0	1	0.27	34.17	0
0	1	0.25	34.17	0
0	1	0.23	34.17	0
0	1	0.2	34.17	0
0	1	0.19	34.17	0
0	1	0.12	34.17	0
0	1	0.12	34.17	0
0	1	0.11	34.17	0
0	1	0.1	34.17	0
0	1	0.07	34.17	0
0	1	0.07	34.17	0
0	1	0.07	34.17	0
0	1	34.12	34.12	0
0	1	31.15	34.12	1
1	0	10.89	34.12	1
0	0	8.94	34.12	0
0	1	4.55	34.12	0
0	0	1.76	34.12	0
0	0	1.41	34.12	1
0	1	1.21	34.12	0
0	0	1.2	34.12	0
0	1	0.67	34.12	0
0	1	0.51	34.12	0
0	1	0.49	34.12	0
0	1	0.41	34.12	0
0	1	0.37	34.12	0
0	1	0.27	34.12	0
0	1	0.26	34.12	0
0	1	0.26	34.12	0
0	1	0.25	34.12	0
0	1	0.24	34.12	0
0	1	0.2	34.12	0
0	1	0.17	34.12	0
0	1	0.16	34.12	0
0	1	0.15	34.12	0
0	1	0.14	34.12	0
0	1	0.13	34.12	0
0	1	27.35	27.35	1
0	1	15.41	27.35	0
0	1	10.37	27.35	0
1	0	8.99	27.35	0
0	0	8.76	27.35	0
0	1	7.34	27.35	0
0	1	6.3	27.35	0
0	0	4.33	27.35	0
0	0	3.34	27.35	0
0	1	2.76	27.35	0
0	1	2.52	27.35	0
0	1	0.56	27.35	0
0	1	0.54	27.35	0
0	1	0.51	27.35	0
0	1	0.46	27.35	0
0	1	0.38	27.35	0
0	1	39.54	39.54	0
0	1	32.87	39.54	1
1	0	8.82	39.54	0
0	0	3.84	39.54	1
0	1	2.89	39.54	0
0	1	2.43	39.54	0
1	0	2.08	39.54	0
0	0	1.55	39.54	0
0	0	1.44	39.54	0
0	0	1.38	39.54	0
0	1	0.88	39.54	0
0	0	0.75	39.54	0
0	1	0.66	39.54	0
0	1	0.39	39.54	0
0	1	0.23	39.54	0
0	1	0.16	39.54	0
0	1	41.71	41.71	1
0	1	19.46	41.71	0
0	0	7.98	41.71	1
0	0	7.95	41.71	0
0	0	6.33	41.71	0
0	1	4.27	41.71	0
0	1	2.86	41.71	0
0	1	2.15	41.71	0
0	1	1.22	41.71	0
0	1	0.86	41.71	0
0	1	0.82	41.71	0
0	1	0.62	41.71	0
0	1	0.57	41.71	0
0	1	0.49	41.71	0
0	1	0.43	41.71	0
0	1	0.37	41.71	0
0	1	0.35	41.71	0
0	1	0.32	41.71	0
0	1	0.32	41.71	0
0	1	0.26	41.71	0
0	1	0.24	41.71	0
0	1	0.15	41.71	0
0	1	0.13	41.71	0
0	1	63.63	63.63	0
1	0	18.57	63.63	0
0	1	11.41	63.63	0
0	1	2.6	63.63	0
0	0	2.26	63.63	1
0	1	0.75	63.63	0
0	1	0.75	63.63	0
0	1	64.16	64.16	1
0	1	8.81	64.16	1
0	1	6.63	64.16	1
0	0	3.14	64.16	0
0	0	2.6	64.16	0
0	0	2.58	64.16	0
0	0	2.49	64.16	0
1	0	2.47	64.16	0
0	1	1.98	64.16	0
0	1	1.54	64.16	0
0	1	1.54	64.16	0
0	1	0.69	64.16	0
0	1	0.67	64.16	0
0	1	0.64	64.16	0
0	1	60.0	60.0	0
1	0	8.29	60.0	1
0	1	8.13	60.0	0
0	1	6.03	60.0	0
0	1	5.13	60.0	0
0	0	3.12	60.0	0
0	0	2.68	60.0	0
0	0	2.08	60.0	0
0	1	1.35	60.0	0
0	0	0.78	60.0	0
0	1	0.64	60.0	0
0	1	0.58	60.0	0
0	1	0.49	60.0	1
0	1	0.46	60.0	0
0	1	0.15	60.0	0
0	1	30.49	30.49	0
0	1	20.97	30.49	0
0	1	8.5	30.49	0
0	1	5.17	30.49	0
0	1	4.84	30.49	0
0	1	4.56	30.49	0
0	1	3.67	30.49	0
0	0	2.95	30.49	0
1	0	2.84	30.49	0
0	1	2.53	30.49	0
0	0	2.29	30.49	0
0	1	1.68	30.49	0
0	0	1.6	30.49	0
0	0	1.54	30.49	0
0	1	1.47	30.49	0
0	1	0.93	30.49	0
0	1	0.89	30.49	0
0	1	0.59	30.49	0
0	1	0.56	30.49	0
0	1	0.5	30.49	0
0	1	0.46	30.49	0
0	1	0.35	30.49	0
0	1	0.2	30.49	0
0	1	0.17	30.49	0
0	1	0.1	30.49	0
1	0	43.58	43.58	0
0	1	30.79	43.58	1
0	1	6.92	43.58	0
0	1	5.77	43.58	0
0	0	3.57	43.58	0
0	0	1.77	43.58	0
1	0	1.6	43.58	0
0	1	1.34	43.58	0
0	0	0.99	43.58	0
0	0	0.95	43.58	0
0	1	0.69	43.58	0
0	1	0.65	43.58	0
0	1	0.53	43.58	0
0	1	0.43	43.58	0
0	1	0.21	43.58	0
0	1	0.14	43.58	0
1	0	20.81	20.81	0
0	0	13.26	20.81	0
0	0	11.92	20.81	0
0	0	7.33	20.81	0
0	1	7.08	20.81	0
0	1	6.22	20.81	0
0	0	5.04	20.81	0
0	1	4.08	20.81	1
0	1	3.85	20.81	0
0	0	2.85	20.81	0
0	1	2.26	20.81	0
0	1	2.19	20.81	0
0	0	2.09	20.81	0
0	0	1.94	20.81	0
0	1	1.69	20.81	0
0	1	1.55	20.81	0
0	1	1.29	20.81	0
0	0	1.01	20.81	0
0	1	0.91	20.81	1
0	1	0.69	20.81	0
0	1	0.65	20.81	0
0	0	0.6	20.81	0
0	0	0.37	20.81	0
0	1	0.21	20.81	0
0	1	29.44	29.44	1
0	0	28.46	29.44	1
0	1	22.97	29.44	1
0	1	8.3	29.44	1
0	0	3.73	29.44	0
0	0	2.5	29.44	0
0	1	2.39	29.44	1
0	0	1.33	29.44	0
0	1	0.83	29.44	0
1	0	41.03	41.03	0
0	1	17.53	41.03	1
0	1	10.42	41.03	0
0	1	7.51	41.03	0
0	0	5.32	41.03	0
0	1	3.71	41.03	0
0	1	3.61	41.03	0
0	1	2.4	41.03	0
0	1	2.39	41.03	0
0	0	1.98	41.03	0
0	0	1.28	41.03	0
0	0	1.07	41.03	0
0	0	1.05	41.03	0
0	1	0.62	41.03	0
0	1	41.48	41.48	1
0	1	24.39	41.48	0
0	0	6.56	41.48	0
0	1	6.53	41.48	0
0	1	5.49	41.48	0
0	1	4.64	41.48	0
0	1	4.15	41.48	0
0	0	2.7	41.48	0
0	0	2.05	41.48	1
0	0	1.17	41.48	0
0	0	0.77	41.48	0
1	0	19.12	19.12	0
0	1	13.95	19.12	1
0	1	11.9	19.12	0
0	1	9.43	19.12	0
0	1	8.59	19.12	0
0	0	8.53	19.12	1
0	1	3.82	19.12	0
0	0	3.65	19.12	0
0	1	3.63	19.12	0
0	1	3.53	19.12	0
0	1	1.69	19.12	0
0	1	1.43	19.12	0
0	1	1.34	19.12	0
0	0	1.27	19.12	0
0	1	1.07	19.12	0
0	0	0.82	19.12	0
0	0	0.76	19.12	0
0	1	0.71	19.12	0
0	1	0.69	19.12	0
0	1	0.63	19.12	0
0	1	0.51	19.12	0
0	1	0.45	19.12	0
0	1	0.41	19.12	0
0	0	0.38	19.12	0
0	1	0.36	19.12	0
0	1	0.29	19.12	0
0	1	0.27	19.12	0
0	1	0.22	19.12	0
0	1	0.21	19.12	0
0	1	0.21	19.12	0
0	1	37.43	37.43	1
0	1	22.52	37.43	1
0	1	15.22	37.43	0
0	0	9.35	37.43	0
0	0	5.61	37.43	0
0	0	4.08	37.43	0
0	0	1.88	37.43	0
0	1	1.45	37.43	0
0	1	1.25	37.43	0
0	0	1.15	37.43	0
1	0	21.58	21.58	0
0	1	18.81	21.58	1
0	1	16.98	21.58	0
0	1	12.37	21.58	0
0	1	7.71	21.58	1
1	0	5.38	21.58	0
0	1	4.4	21.58	0
0	1	1.72	21.58	0
0	1	1.59	21.58	0
0	0	1.41	21.58	0
0	1	1.2	21.58	0
0	1	1.18	21.58	0
0	1	0.89	21.58	0
0	0	0.84	21.58	0
0	0	0.76	21.58	0
0	0	0.63	21.58	0
0	0	0.6	21.58	0
0	1	0.56	21.58	0
0	1	0.54	21.58	0
0	1	0.48	21.58	0
0	0	0.29	21.58	0
0	1	61.91	61.91	1
1	0	14.16	61.91	0
0	0	6.85	61.91	0
0	0	5.33	61.91	0
0	1	4.8	61.91	0
0	1	3.54	61.91	0
0	0	3.37	61.91	0
0	1	38.75	38.75	1
0	0	31.1	38.75	0
0	1	6.01	38.75	0
0	0	5.57	38.75	0
0	1	5.14	38.75	0
0	1	4.9	38.75	0
0	1	4.33	38.75	0
0	0	2.84	38.75	0
0	1	1.32	38.75	0
0	1	44.62	44.62	1
1	0	20.04	44.62	0
0	0	8.21	44.62	0
0	0	5.76	44.62	0
0	0	5.23	44.62	0
0	1	4.7	44.62	0
0	1	4.54	44.62	0
0	1	4.39	44.62	0
0	1	2.47	44.62	0
0	1	68.04	68.04	1
1	0	13.88	68.04	0
0	1	5.19	68.04	0
0	1	3.34	68.04	1
0	1	2.63	68.04	0
0	0	2.61	68.04	0
0	1	1.94	68.04	1
0	0	1.39	68.04	0
0	1	0.94	68.04	0
0	1	44.86	44.86	1
0	1	18.41	44.86	0
1	0	15.81	44.86	1
0	1	5.81	44.86	0
0	0	5.65	44.86	0
0	0	4.4	44.86	0
0	1	2.57	44.86	0
0	0	2.44	44.86	0
1	0	27.76	27.76	1
0	1	23.66	27.76	1
0	0	10.74	27.76	1
0	0	7.8	27.76	0
0	0	7.06	27.76	0
0	0	5.35	27.76	0
0	1	4.1	27.76	0
0	0	3.8	27.76	1
0	0	3.03	27.76	0
0	1	2.41	27.76	0
0	1	1.87	27.76	0
0	1	1.8	27.76	0
0	0	0.55	27.76	0
1	0	29.91	29.91	0
0	1	27.31	29.91	1
0	1	6.97	29.91	0
0	0	6.46	29.91	0
0	0	5.96	29.91	0
0	1	5.35	29.91	0
0	0	3.82	29.91	0
0	1	2.15	29.91	0
0	1	1.87	29.91	0
0	0	1.77	29.91	0
0	1	1.45	29.91	0
0	1	1.33	29.91	0
0	1	1.31	29.91	0
0	0	1.3	29.91	0
0	1	1.1	29.91	0
0	1	1.06	29.91	0
0	1	0.78	29.91	0
1	0	21.75	21.75	0
0	1	20.49	21.75	1
0	0	9.05	21.75	1
0	0	8.96	21.75	0
0	1	7.47	21.75	1
0	1	6.1	21.75	0
0	0	5.08	21.75	0
0	1	4.69	21.75	0
0	1	3.47	21.75	0
0	1	2.17	21.75	0
0	1	1.97	21.75	0
0	0	1.74	21.75	0
0	1	1.64	21.75	0
0	1	1.63	21.75	0
0	1	1.46	21.75	0
0	1	1.37	21.75	0
0	1	0.87	21.75	0
0	1	53.74	53.74	1
1	0	21.96	53.74	0
0	0	9.47	53.74	1
0	0	6.22	53.74	0
0	0	5.53	53.74	0
0	1	3.05	53.74	0
0	1	48.51	48.51	1
0	1	13.83	48.51	0
0	1	9.1	48.51	0
0	1	5.87	48.51	0
1	0	4.73	48.51	0
0	0	4.26	48.51	1
1	0	4.26	48.51	0
0	0	2.72	48.51	0
0	0	2.5	48.51	0
0	1	2.31	48.51	0
0	0	1.86	48.51	0
0	1	21.81	21.81	1
0	1	21.79	21.81	0
0	1	11.84	21.81	0
0	1	11.49	21.81	0
0	0	9.31	21.81	1
0	1	4.66	21.81	1
0	0	3.05	21.81	0
0	1	2.32	21.81	0
0	0	2.08	21.81	0
1	0	2.07	21.81	0
0	0	1.65	21.81	0
0	1	1.54	21.81	0
0	1	1.05	21.81	0
0	0	1.04	21.81	0
0	1	0.86	21.81	0
0	1	0.76	21.81	0
0	1	0.57	21.81	0
0	1	0.47	21.81	0
0	1	0.46	21.81	0
0	1	0.42	21.81	0
0	1	0.27	21.81	1
0	1	0.21	21.81	0
0	1	0.19	21.81	0
0	1	47.4	47.4	1
1	0	19.56	47.4	0
0	1	9.03	47.4	0
0	1	4.99	47.4	0
0	0	4.28	47.4	0
0	1	3.94	47.4	0
0	0	2.96	47.4	0
0	0	2.16	47.4	0
0	1	2.09	47.4	0
0	1	1.06	47.4	0
0	0	0.99	47.4	0
0	1	0.68	47.4	0
0	0	0.61	47.4	0
0	1	0.18	47.4	0
0	1	24.51	24.51	0
0	1	19.45	24.51	0
1	0	12.94	24.51	0
0	0	10.51	24.51	0
0	1	9.62	24.51	0
0	0	6.16	24.51	1
0	0	4.01	24.51	0
0	1	3.81	24.51	0
0	1	2.99	24.51	0
0	0	1.78	24.51	0
0	1	1.61	24.51	0
0	1	0.81	24.51	0
0	1	0.57	24.51	0
0	1	0.55	24.51	0
0	1	0.38	24.51	0
0	1	0.23	24.51	0
1	0	36.0	36.0	1
0	1	22.39	36.0	1
0	1	22.21	36.0	1
0	0	5.37	36.0	1
0	1	3.51	36.0	0
0	1	2.59	36.0	0
0	0	2.56	36.0	0
0	1	1.94	36.0	0
0	1	1.85	36.0	0
0	0	1.53	36.0	0
1	0	40.69	40.69	1
0	1	34.25	40.69	1
1	0	10.54	40.69	0
0	0	6.0	40.69	1
0	0	3.6	40.69	0
0	1	1.05	40.69	1
0	1	0.97	40.69	0
0	1	0.92	40.69	0
0	1	0.85	40.69	1
0	1	0.59	40.69	0
0	1	0.49	40.69	0
1	0	18.26	18.26	0
1	0	17.88	18.26	0
0	0	16.15	18.26	0
0	0	11.12	18.26	0
0	0	9.89	18.26	1
0	1	6.58	18.26	0
0	1	5.57	18.26	0
0	0	4.34	18.26	0
0	1	4.0	18.26	0
0	0	3.22	18.26	1
0	1	1.93	18.26	0
0	1	0.63	18.26	0
0	1	0.36	18.26	0
1	0	52.05	52.05	0
1	0	18.65	52.05	0
0	0	11.28	52.05	1
0	1	8.66	52.05	0
0	1	3.4	52.05	0
0	0	3.19	52.05	0
0	0	1.46	52.05	0
0	1	1.26	52.05	0
1	0	22.3	22.3	1
0	0	19.91	22.3	1
0	1	19.35	22.3	0
1	0	9.77	22.3	0
0	1	7.67	22.3	1
0	1	5.27	22.3	0
0	0	4.37	22.3	0
0	1	3.62	22.3	0
0	0	2.19	22.3	0
0	1	2.17	22.3	0
0	1	0.98	22.3	0
0	1	0.62	22.3	1
0	1	0.38	22.3	0
0	1	0.36	22.3	0
0	1	0.19	22.3	0
0	1	0.16	22.3	0
0	1	0.16	22.3	0
0	1	0.14	22.3	0
0	1	0.12	22.3	0
0	1	0.09	22.3	0
0	1	0.07	22.3	0
0	0	69.67	69.67	1
1	0	14.58	69.67	0
1	0	9.3	69.67	0
0	0	2.43	69.67	0
0	0	1.77	69.67	0
0	0	0.44	69.67	0
0	1	0.31	69.67	0
0	0	0.25	69.67	0
0	1	0.23	69.67	0
0	1	0.22	69.67	0
0	1	0.22	69.67	0
0	1	0.21	69.67	0
0	1	0.09	69.67	0
0	1	0.09	69.67	0
0	1	0.07	69.67	0
0	1	0.05	69.67	0
1	0	29.32	29.32	0
0	1	16.0	29.32	1
0	0	15.13	29.32	0
1	0	13.43	29.32	0
0	1	4.38	29.32	0
0	1	3.6	29.32	0
0	0	3.01	29.32	1
0	1	2.98	29.32	0
0	1	2.66	29.32	0
0	1	1.98	29.32	0
0	1	1.7	29.32	0
0	1	1.66	29.32	0
0	0	1.28	29.32	0
0	1	1.18	29.32	0
0	1	1.12	29.32	0
0	0	0.5	29.32	0
1	0	23.07	23.07	0
0	0	15.53	23.07	1
1	0	12.79	23.07	0
0	1	11.99	23.07	1
0	1	11.84	23.07	0
0	1	7.03	23.07	0
0	0	5.8	23.07	0
0	1	4.91	23.07	0
0	1	4.4	23.07	0
0	0	1.55	23.07	0
0	1	1.04	23.07	0
0	0	23.66	23.66	1
1	0	20.6	23.66	1
0	0	12.96	23.66	0
0	1	9.12	23.66	1
0	0	6.6	23.66	1
0	1	5.08	23.66	0
0	0	3.92	23.66	0
0	1	3.82	23.66	0
0	1	2.57	23.66	0
0	0	1.8	23.66	0
0	0	1.56	23.66	0
0	1	0.93	23.66	0
0	1	0.85	23.66	0
0	1	0.81	23.66	0
0	1	0.76	23.66	1
0	1	0.74	23.66	1
0	1	0.69	23.66	0
0	1	0.52	23.66	0
0	1	0.5	23.66	0
0	1	0.45	23.66	0
0	1	0.43	23.66	0
0	1	0.38	23.66	0
0	1	0.35	23.66	0
0	1	0.3	23.66	0
0	1	0.28	23.66	0
0	1	0.16	23.66	0
1	0	50.96	50.96	1
1	0	13.22	50.96	1
0	1	6.47	50.96	0
0	0	5.27	50.96	0
0	1	4.73	50.96	0
0	0	4.61	50.96	0
0	0	3.43	50.96	0
0	0	2.33	50.96	0
0	1	1.78	50.96	1
0	0	1.25	50.96	0
0	1	1.15	50.96	0
0	0	0.99	50.96	1
0	0	0.88	50.96	0
0	1	0.8	50.96	0
0	0	0.55	50.96	0
0	0	0.48	50.96	0
0	1	0.4	50.96	0
0	0	0.39	50.96	0
0	1	0.21	50.96	0
1	0	27.03	27.03	1
0	0	15.05	27.03	1
0	1	14.59	27.03	0
0	0	9.07	27.03	0
1	0	8.81	27.03	0
0	1	5.06	27.03	0
0	1	5.03	27.03	0
0	1	4.12	27.03	0
0	1	2.83	27.03	0
0	1	1.81	27.03	0
0	1	1.43	27.03	1
0	0	0.9	27.03	0
0	0	0.87	27.03	0
0	0	0.62	27.03	0
0	1	0.56	27.03	0
0	1	0.29	27.03	0
0	1	0.28	27.03	0
0	1	0.25	27.03	0
0	1	0.24	27.03	0
0	1	0.18	27.03	0
0	1	0.12	27.03	0
0	1	0.11	27.03	0
0	1	0.11	27.03	0
0	1	0.1	27.03	0
0	1	0.09	27.03	0
0	1	0.09	27.03	0
0	1	0.08	27.03	1
0	1	0.08	27.03	0
0	1	0.06	27.03	0
0	1	35.77	35.77	1
0	1	8.59	35.77	0
0	1	8.33	35.77	0
0	1	7.82	35.77	0
0	0	7.13	35.77	0
0	1	7.07	35.77	1
0	1	5.64	35.77	0
0	1	4.74	35.77	0
0	0	1.71	35.77	0
0	1	1.65	35.77	1
0	0	1.45	35.77	0
0	1	1.41	35.77	0
0	1	0.94	35.77	0
0	1	0.89	35.77	0
0	1	0.74	35.77	0
0	1	0.74	35.77	0
0	0	0.61	35.77	0
0	1	0.54	35.77	0
0	1	0.54	35.77	0
0	0	0.46	35.77	0
0	0	0.38	35.77	0
0	0	0.37	35.77	0
0	1	0.27	35.77	0
0	1	0.27	35.77	0
0	1	0.26	35.77	0
0	1	0.25	35.77	0
0	1	0.24	35.77	0
0	1	0.24	35.77	0
0	1	0.16	35.77	0
0	1	0.15	35.77	0
0	1	0.12	35.77	0
0	1	0.11	35.77	0
0	1	0.11	35.77	0
0	1	0.08	35.77	0
0	1	0.06	35.77	0
1	0	32.0	32.0	0
1	0	30.06	32.0	0
0	1	9.29	32.0	0
0	0	7.82	32.0	0
0	0	5.22	32.0	0
0	1	2.64	32.0	0
0	1	1.97	32.0	0
0	0	1.42	32.0	0
0	1	1.4	32.0	0
0	0	1.38	32.0	0
0	0	1.23	32.0	0
0	0	1.16	32.0	0
0	1	0.82	32.0	0
0	0	0.74	32.0	0
0	1	0.61	32.0	0
0	1	0.55	32.0	0
0	1	0.55	32.0	0
0	1	0.38	32.0	0
0	1	0.34	32.0	0
0	1	0.31	32.0	0
1	0	19.43	19.43	0
1	0	17.94	19.43	1
0	1	17.9	19.43	0
0	0	7.82	19.43	0
0	0	6.01	19.43	0
0	1	4.06	19.43	0
0	1	3.16	19.43	0
0	1	2.64	19.43	0
0	1	2.52	19.43	0
0	1	2.3	19.43	1
0	1	1.98	19.43	0
0	0	1.62	19.43	0
0	0	1.56	19.43	0
0	1	1.56	19.43	0
0	0	1.07	19.43	0
0	0	1.06	19.43	0
0	0	1.01	19.43	0
0	0	0.92	19.43	0
0	1	0.87	19.43	0
0	1	0.73	19.43	0
0	1	0.6	19.43	1
0	1	0.56	19.43	0
0	1	0.49	19.43	0
0	1	0.41	19.43	0
0	1	0.39	19.43	0
0	1	0.38	19.43	0
0	1	0.31	19.43	0
0	0	0.27	19.43	0
0	1	0.15	19.43	0
0	1	0.12	19.43	0
0	1	26.28	26.28	1
1	0	9.0	26.28	0
0	1	7.08	26.28	0
0	0	6.54	26.28	0
0	1	6.48	26.28	0
0	1	5.86	26.28	0
0	1	5.81	26.28	0
0	0	5.65	26.28	0
0	0	4.32	26.28	0
0	1	2.66	26.28	0
0	1	2.2	26.28	0
0	0	2.16	26.28	0
0	1	2.07	26.28	0
0	0	1.79	26.28	0
0	1	1.62	26.28	0
0	0	1.47	26.28	0
0	0	1.14	26.28	0
0	0	1.0	26.28	1
0	0	0.8	26.28	0
0	1	0.74	26.28	0
0	1	0.55	26.28	0
0	0	0.48	26.28	1
0	1	0.45	26.28	0
0	1	0.43	26.28	0
0	1	0.42	26.28	0
0	1	0.3	26.28	0
0	1	0.29	26.28	0
0	1	0.28	26.28	0
0	1	0.26	26.28	0
0	1	0.25	26.28	0
0	1	0.25	26.28	0
0	1	0.24	26.28	0
0	1	0.19	26.28	0
0	1	0.19	26.28	0
0	1	0.19	26.28	0
0	1	0.18	26.28	0
0	1	0.13	26.28	0
0	1	0.06	26.28	0
1	0	34.11	34.11	1
1	0	29.55	34.11	1
0	0	7.0	34.11	0
0	0	4.4	34.11	0
0	1	3.78	34.11	0
0	0	3.74	34.11	0
0	0	1.79	34.11	0
0	0	1.59	34.11	0
0	1	1.5	34.11	1
0	0	1.3	34.11	0
0	1	1.15	34.11	0
0	0	1.1	34.11	0
0	1	1.05	34.11	0
0	1	0.99	34.11	0
0	1	0.67	34.11	0
0	0	0.57	34.11	0
0	1	0.56	34.11	0
0	1	0.53	34.11	0
0	1	0.48	34.11	0
0	1	0.47	34.11	0
0	1	0.44	34.11	0
0	1	0.42	34.11	0
0	1	0.4	34.11	0
0	1	0.34	34.11	0
0	0	0.34	34.11	0
0	1	0.34	34.11	0
0	1	0.29	34.11	0
0	0	0.26	34.11	0
0	1	0.18	34.11	1
0	0	0.15	34.11	1
0	1	0.13	34.11	0
0	1	0.11	34.11	0
0	1	0.07	34.11	0
0	1	40.41	40.41	1
1	0	27.93	40.41	0
0	0	7.02	40.41	0
0	0	5.69	40.41	0
0	0	3.53	40.41	0
0	0	3.04	40.41	0
0	0	2.85	40.41	0
0	0	1.93	40.41	0
0	1	1.35	40.41	0
0	0	1.14	40.41	1
0	1	0.84	40.41	0
0	1	0.8	40.41	0
0	1	0.76	40.41	0
0	1	0.71	40.41	0
0	1	0.46	40.41	0
0	1	0.44	40.41	0
0	1	0.39	40.41	0
0	1	0.35	40.41	0
0	1	0.27	40.41	0
1	0	37.99	37.99	0
0	1	12.68	37.99	0
0	1	8.72	37.99	0
1	0	8.65	37.99	0
0	1	6.89	37.99	0
0	0	6.47	37.99	0
0	1	6.31	37.99	0
0	0	3.34	37.99	0
0	1	2.82	37.99	1
0	0	1.86	37.99	0
0	1	1.6	37.99	0
0	0	1.45	37.99	0
0	1	1.15	37.99	0
0	1	28.02	28.02	1
0	1	13.54	28.02	0
0	0	11.99	28.02	0
0	1	9.59	28.02	0
0	0	5.89	28.02	0
0	0	5.88	28.02	0
0	1	3.52	28.02	0
0	0	3.43	28.02	1
0	1	3.18	28.02	0
0	1	3.14	28.02	0
0	1	2.64	28.02	0
0	0	2.17	28.02	0
0	1	1.94	28.02	0
0	1	1.55	28.02	0
0	1	1.49	28.02	0
0	1	1.38	28.02	0
0	0	0.55	28.02	0
0	1	31.44	31.44	1
1	0	16.79	31.44	0
1	0	12.4	31.44	0
0	1	10.23	31.44	1
0	1	5.75	31.44	0
0	1	4.8	31.44	0
0	0	4.45	31.44	0
0	0	3.7	31.44	0
0	1	3.7	31.44	1
0	1	3.24	31.44	0
0	1	1.31	31.44	0
0	1	0.72	31.44	0
0	0	0.63	31.44	0
0	0	0.57	31.44	0
0	1	0.19	31.44	0
0	1	29.9	29.9	1
0	1	12.33	29.9	0
0	1	8.98	29.9	0
1	0	6.6	29.9	0
0	1	6.13	29.9	0
0	1	5.26	29.9	0
0	0	3.79	29.9	0
1	0	3.76	29.9	0
0	0	3.58	29.9	0
0	0	2.25	29.9	0
0	0	1.98	29.9	0
0	1	1.89	29.9	0
0	1	1.86	29.9	1
0	0	1.66	29.9	0
0	1	1.59	29.9	0
0	1	1.42	29.9	0
0	0	1.36	29.9	0
0	1	1.21	29.9	0
0	1	1.04	29.9	0
0	1	0.86	29.9	0
0	1	0.86	29.9	1
0	0	0.72	29.9	0
0	1	0.65	29.9	0
0	1	0.21	29.9	0
1	0	35.52	35.52	0
1	0	14.33	35.52	0
0	0	11.77	35.52	1
0	1	11.18	35.52	0
0	0	6.72	35.52	0
0	1	6.06	35.52	0
0	0	4.95	35.52	0
0	1	3.1	35.52	0
0	1	2.41	35.52	0
0	1	2.4	35.52	0
0	1	1.5	35.52	0
0	0	43.01	43.01	0
0	1	13.49	43.01	0
0	1	13.36	43.01	1
0	1	8.36	43.01	1
0	0	6.6	43.01	0
1	0	4.61	43.01	1
0	0	3.54	43.01	0
0	0	1.89	43.01	0
0	1	0.66	43.01	0
0	1	0.62	43.01	0
0	1	0.46	43.01	0
0	1	0.25	43.01	0
0	1	0.23	43.01	0
0	1	0.22	43.01	0
0	1	0.19	43.01	0
0	1	0.16	43.01	0
0	1	0.15	43.01	0
0	1	0.15	43.01	0
0	1	0.13	43.01	0
0	1	0.11	43.01	0
0	1	0.11	43.01	0
0	1	0.11	43.01	0
0	1	0.1	43.01	0
0	1	0.1	43.01	0
0	1	0.1	43.01	0
0	1	0.1	43.01	0
0	1	0.1	43.01	0
0	1	0.1	43.01	0
0	1	0.09	43.01	0
0	1	0.09	43.01	0
0	1	0.09	43.01	0
0	1	0.09	43.01	0
0	1	0.08	43.01	0
0	1	0.08	43.01	0
0	1	0.07	43.01	0
0	1	0.05	43.01	0
0	1	0.05	43.01	0
0	1	0.04	43.01	0
0	1	0.04	43.01	0
0	1	0.03	43.01	0
0	1	37.76	37.76	1
0	1	18.06	37.76	1
0	0	7.83	37.76	0
0	0	7.41	37.76	1
0	1	6.37	37.76	0
0	0	5.35	37.76	0
0	1	4.37	37.76	0
1	0	2.83	37.76	1
0	1	2.04	37.76	1
0	1	1.15	37.76	0
0	1	0.94	37.76	0
0	1	0.51	37.76	0
0	1	0.44	37.76	0
0	1	0.37	37.76	0
0	1	0.33	37.76	0
0	1	0.27	37.76	0
0	1	0.26	37.76	0
0	1	0.22	37.76	0
0	1	0.22	37.76	0
0	1	0.22	37.76	0
0	1	0.21	37.76	0
0	1	0.2	37.76	0
0	1	0.2	37.76	0
0	1	0.2	37.76	0
0	1	0.2	37.76	0
0	1	0.19	37.76	0
0	1	0.18	37.76	0
0	1	0.17	37.76	0
0	1	0.17	37.76	0
0	1	0.16	37.76	0
0	1	0.12	37.76	0
0	1	0.12	37.76	0
0	1	0.12	37.76	0
0	1	0.11	37.76	0
0	1	0.11	37.76	0
0	1	0.1	37.76	0
0	1	0.1	37.76	0
0	1	0.08	37.76	0
0	1	0.07	37.76	0
0	1	0.06	37.76	0
0	1	48.62	48.62	1
0	0	11.49	48.62	0
0	1	11.16	48.62	0
0	1	6.82	48.62	1
1	0	5.66	48.62	1
0	1	5.34	48.62	1
0	1	4.07	48.62	0
0	0	2.55	48.62	0
0	1	0.84	48.62	0
0	0	0.64	48.62	0
0	1	0.31	48.62	0
0	1	0.25	48.62	0
0	1	0.16	48.62	0
0	1	0.14	48.62	0
0	1	0.13	48.62	0
0	1	0.13	48.62	0
0	1	0.11	48.62	0
0	1	0.11	48.62	0
0	1	0.1	48.62	0
0	1	0.1	48.62	0
0	1	0.09	48.62	0
0	1	0.09	48.62	0
0	1	0.09	48.62	0
0	1	0.08	48.62	0
0	1	0.08	48.62	0
0	1	0.07	48.62	0
0	1	0.06	48.62	0
0	1	0.06	48.62	0
0	1	0.04	48.62	0
0	1	0.04	48.62	0
0	1	0.04	48.62	0
0	1	0.04	48.62	0
0	1	0.04	48.62	0
0	1	0.04	48.62	0
0	1	0.03	48.62	0
0	1	0.03	48.62	0
0	1	0.02	48.62	0
0	1	0.02	48.62	0
0	1	0.02	48.62	0
0	1	0.02	48.62	0
0	1	0.02	48.62	0
0	1	0.02	48.62	0
0	1	0.01	48.62	0
0	1	21.4	21.4	0
0	0	20.51	21.4	0
0	1	10.49	21.4	0
0	0	10.35	21.4	0
0	1	9.58	21.4	0
0	1	8.21	21.4	1
0	1	5.15	21.4	0
0	0	4.21	21.4	0
0	0	3.02	21.4	0
1	0	2.36	21.4	1
0	0	1.59	21.4	0
0	1	1.36	21.4	0
0	1	0.92	21.4	0
0	1	0.77	21.4	0
0	1	25.56	25.56	0
0	0	17.87	25.56	0
0	1	15.78	25.56	1
0	1	12.48	25.56	0
0	1	9.0	25.56	0
0	1	6.19	25.56	0
0	1	3.75	25.56	0
0	1	3.45	25.56	1
0	0	1.05	25.56	0
0	1	0.74	25.56	0
0	1	0.41	25.56	0
0	1	0.34	25.56	0
0	1	0.32	25.56	0
0	1	0.24	25.56	0
0	1	0.19	25.56	0
0	1	0.19	25.56	0
0	1	0.18	25.56	0
0	1	0.17	25.56	0
0	1	0.16	25.56	0
0	1	0.15	25.56	0
0	1	0.14	25.56	0
0	1	0.13	25.56	0
0	1	0.12	25.56	0
0	1	0.12	25.56	0
0	1	0.11	25.56	0
0	1	0.1	25.56	0
0	1	0.1	25.56	0
0	1	0.08	25.56	0
0	1	0.08	25.56	0
0	1	0.08	25.56	0
0	1	0.07	25.56	0
0	1	0.06	25.56	0
0	1	0.06	25.56	0
0	1	0.06	25.56	0
0	1	0.06	25.56	0
0	1	0.05	25.56	0
0	1	0.05	25.56	0
0	1	0.04	25.56	1
0	1	0.03	25.56	0
0	1	0.02	25.56	0
0	1	0.02	25.56	0
0	1	42.5	42.5	1
1	0	36.53	42.5	0
0	0	4.78	42.5	0
0	1	4.17	42.5	0
0	0	3.67	42.5	0
0	0	3.05	42.5	0
0	1	1.84	42.5	1
0	1	1.79	42.5	0
0	1	1.63	42.5	0
0	0	41.2	41.2	0
0	0	17.91	41.2	0
0	0	16.35	41.2	1
0	1	6.43	41.2	0
0	0	4.06	41.2	0
0	0	3.35	41.2	1
0	1	2.11	41.2	0
0	1	1.54	41.2	0
0	0	1.4	41.2	0
0	0	1.25	41.2	0
0	1	0.91	41.2	0
0	1	0.87	41.2	0
0	1	0.79	41.2	0
0	1	0.78	41.2	0
0	1	0.53	41.2	1
0	0	0.44	41.2	0
1	0	42.55	42.55	1
1	0	20.15	42.55	0
0	1	9.95	42.55	1
0	0	6.63	42.55	0
0	0	6.44	42.55	0
0	0	4.22	42.55	0
0	1	2.09	42.55	0
0	1	1.71	42.55	0
0	0	1.7	42.55	0
0	1	1.61	42.55	0
0	1	1.53	42.55	0
0	1	1.35	42.55	0
1	0	43.32	43.32	1
0	1	22.73	43.32	0
0	1	9.6	43.32	1
0	1	7.4	43.32	0
0	0	4.43	43.32	0
0	1	3.97	43.32	0
0	0	3.49	43.32	0
0	1	1.59	43.32	0
0	1	1.56	43.32	0
0	1	1.08	43.32	0
0	0	0.8	43.32	1
1	0	26.36	26.36	0
0	0	15.06	26.36	0
0	0	13.92	26.36	1
0	0	13.6	26.36	1
0	1	13.18	26.36	0
0	0	9.51	26.36	0
0	0	8.33	26.36	0
1	0	60.01	60.01	1
1	0	17.36	60.01	0
0	1	7.08	60.01	0
0	0	2.83	60.01	0
0	1	2.45	60.01	0
0	1	2.41	60.01	0
0	0	2.25	60.01	0
0	1	2.09	60.01	0
0	0	2.04	60.01	0
0	0	1.42	60.01	0
0	1	23.61	23.61	0
1	0	16.36	23.61	0
0	0	16.26	23.61	1
1	0	11.61	23.61	0
0	1	8.83	23.61	1
0	1	8.45	23.61	1
0	0	6.01	23.61	1
0	0	4.01	23.61	0
0	1	2.95	23.61	0
0	0	1.27	23.61	0
0	0	0.43	23.61	0
0	1	0.16	23.61	0
0	1	56.56	56.56	0
1	0	10.19	56.56	0
0	0	10.17	56.56	0
0	1	8.3	56.56	0
0	1	5.5	56.56	0
0	1	4.46	56.56	0
0	0	2.17	56.56	0
0	1	1.17	56.56	0
0	1	0.6	56.56	0
0	0	0.44	56.56	0
0	0	0.38	56.56	1
1	0	50.89	50.89	1
0	1	29.41	50.89	0
1	0	11.55	50.89	1
0	1	3.54	50.89	0
0	0	2.72	50.89	0
0	1	1.4	50.89	0
0	0	0.45	50.89	1
0	1	29.86	29.86	0
0	1	14.01	29.86	0
0	1	8.62	29.86	0
0	0	8.57	29.86	1
0	0	6.39	29.86	0
0	1	5.78	29.86	0
0	0	5.67	29.86	0
0	1	5.3	29.86	0
0	0	3.76	29.86	0
0	1	2.47	29.86	0
0	1	2.44	29.86	0
0	0	2.25	29.86	0
0	1	1.74	29.86	0
0	1	1.28	29.86	1
0	0	0.88	29.86	0
0	0	0.87	29.86	0
0	1	32.12	32.12	1
1	0	19.71	32.12	0
0	0	16.94	32.12	1
0	1	13.38	32.12	0
0	1	10.3	32.12	0
0	0	2.95	32.12	0
0	1	2.06	32.12	0
0	0	1.3	32.12	0
0	1	0.85	32.12	0
0	0	0.35	32.12	0
1	0	30.64	30.64	1
0	1	22.13	30.64	0
0	0	20.81	30.64	0
1	0	13.25	30.64	0
0	0	6.81	30.64	0
0	1	3.19	30.64	0
0	0	1.06	30.64	1
0	0	0.89	30.64	0
0	1	0.63	30.64	0
0	0	0.53	30.64	1
1	0	33.17	33.17	0
0	1	12.77	33.17	0
0	1	10.17	33.17	0
0	1	7.77	33.17	1
1	0	7.47	33.17	0
0	1	5.36	33.17	0
0	1	3.8	33.17	0
0	0	3.55	33.17	0
0	0	3.05	33.17	0
0	0	2.88	33.17	0
0	0	2.51	33.17	0
0	1	2.24	33.17	0
0	1	1.75	33.17	0
0	0	1.31	33.17	0
0	0	1.16	33.17	0
0	1	0.95	33.17	0
0	1	33.41	33.41	1
1	0	23.26	33.41	0
1	0	13.77	33.41	0
0	0	11.27	33.41	0
0	0	5.33	33.41	0
0	1	5.28	33.41	0
0	0	3.75	33.41	0
0	0	2.85	33.41	0
0	1	1.03	33.41	0
1	0	39.63	39.63	1
0	1	21.62	39.63	1
0	1	8.64	39.63	1
0	0	7.14	39.63	0
0	1	5.58	39.63	0
0	1	4.56	39.63	0
0	1	2.61	39.63	0
0	0	2.1	39.63	0
0	1	1.94	39.63	0
0	1	1.72	39.63	0
0	1	1.49	39.63	0
0	1	1.21	39.63	0
0	0	1.04	39.63	0
0	1	0.65	39.63	0
1	0	43.75	43.75	0
0	1	26.53	43.75	1
0	1	6.97	43.75	0
0	1	6.79	43.75	0
0	0	6.01	43.75	1
0	1	3.4	43.75	0
0	0	3.24	43.75	0
0	1	2.01	43.75	0
0	1	1.25	43.75	0
1	0	20.37	20.37	0
0	1	16.57	20.37	1
0	0	12.09	20.37	0
0	1	10.78	20.37	0
0	1	7.99	20.37	1
0	1	7.1	20.37	0
0	0	6.32	20.37	0
0	0	3.95	20.37	0
0	1	3.74	20.37	0
0	0	3.3	20.37	0
0	0	3.21	20.37	0
0	0	2.78	20.37	0
0	1	1.25	20.37	0
0	0	0.49	20.37	0
1	0	34.82	34.82	1
0	1	34.38	34.82	0
0	0	18.56	34.82	0
1	0	3.24	34.82	0
0	0	2.6	34.82	0
0	1	2.43	34.82	1
0	0	1.16	34.82	0
0	0	1.09	34.82	0
0	0	0.97	34.82	0
0	1	0.7	34.82	0
0	1	24.2	24.2	0
1	0	21.2	24.2	0
1	0	11.15	24.2	1
0	1	11.05	24.2	1
0	1	5.98	24.2	0
0	1	4.99	24.2	0
0	0	4.75	24.2	0
0	0	4.32	24.2	0
0	0	2.97	24.2	0
0	0	2.68	24.2	0
0	1	1.67	24.2	1
0	0	1.28	24.2	1
0	1	0.63	24.2	0
0	1	0.57	24.2	0
0	1	0.46	24.2	0
0	0	0.36	24.2	1
0	1	0.33	24.2	0
0	1	0.24	24.2	0
0	1	0.22	24.2	0
0	1	0.16	24.2	0
0	1	0.16	24.2	0
0	1	0.14	24.2	0
0	1	0.13	24.2	0
0	1	0.13	24.2	0
0	1	0.12	24.2	0
1	0	38.34	38.34	1
0	0	15.26	38.34	0
0	0	9.64	38.34	0
1	0	9.26	38.34	0
0	0	6.25	38.34	0
0	0	5.95	38.34	0
0	0	4.55	38.34	0
0	0	2.32	38.34	0
0	0	1.85	38.34	0
0	1	1.19	38.34	0
0	1	1.01	38.34	0
0	0	0.94	38.34	0
0	1	0.79	38.34	1
0	1	0.77	38.34	0
0	1	0.76	38.34	0
0	1	0.55	38.34	0
0	1	0.47	38.34	0
0	1	28.8	28.8	1
0	1	23.04	28.8	0
1	0	16.81	28.8	0
0	1	15.17	28.8	0
0	0	3.38	28.8	0
0	0	1.72	28.8	0
0	1	1.6	28.8	0
0	1	1.09	28.8	0
0	1	0.54	28.8	0
0	1	0.48	28.8	0
0	1	0.47	28.8	1
0	1	0.47	28.8	0
0	1	0.43	28.8	0
0	1	0.4	28.8	0
0	1	0.36	28.8	0
0	1	0.33	28.8	0
0	1	0.28	28.8	1
0	1	0.28	28.8	0
0	1	0.28	28.8	0
0	1	0.28	28.8	0
0	1	0.28	28.8	0
0	1	0.27	28.8	0
0	1	0.26	28.8	0
0	1	0.24	28.8	0
0	1	0.23	28.8	0
0	0	0.23	28.8	0
0	1	0.2	28.8	0
0	1	0.2	28.8	0
0	1	0.2	28.8	0
0	1	0.19	28.8	0
0	1	0.18	28.8	0
0	1	0.18	28.8	0
0	1	0.16	28.8	0
0	1	0.16	28.8	0
0	1	0.15	28.8	0
0	1	0.15	28.8	0
0	1	0.13	28.8	0
0	1	0.07	28.8	0
0	1	0.07	28.8	0
0	1	0.07	28.8	0
1	0	30.31	30.31	0
0	1	13.21	30.31	0
1	0	12.33	30.31	1
0	0	7.83	30.31	0
0	0	5.36	30.31	0
0	0	3.96	30.31	0
0	1	3.78	30.31	0
0	0	3.72	30.31	0
0	1	3.72	30.31	0
0	1	2.81	30.31	0
0	1	2.34	30.31	0
0	1	2.14	30.31	0
0	1	1.93	30.31	0
0	1	1.89	30.31	0
0	1	0.8	30.31	0
0	0	0.76	30.31	0
0	1	0.73	30.31	0
0	1	0.57	30.31	0
0	1	0.53	30.31	0
0	1	0.27	30.31	0
0	1	0.26	30.31	0
0	1	0.23	30.31	0
0	1	0.23	30.31	0
0	1	0.15	30.31	0
0	1	30.88	30.88	1
1	0	24.43	30.88	0
0	1	14.05	30.88	0
0	1	9.39	30.88	0
0	1	5.3	30.88	0
0	0	4.19	30.88	0
0	1	2.55	30.88	0
0	0	2.52	30.88	0
0	0	2.05	30.88	0
0	1	2.01	30.88	0
0	0	1.29	30.88	0
0	1	0.65	30.88	1
0	1	0.64	30.88	0
0	1	35.01	35.01	1
1	0	29.12	35.01	0
0	1	10.45	35.01	0
1	0	6.41	35.01	0
0	0	4.67	35.01	1
0	1	3.21	35.01	0
0	1	2.8	35.01	1
0	0	2.68	35.01	0
0	0	2.25	35.01	0
0	1	0.92	35.01	1
0	1	0.83	35.01	0
0	0	0.66	35.01	0
0	1	0.58	35.01	0
0	1	0.33	35.01	0
0	1	42.54	42.54	1
0	1	16.34	42.54	0
1	0	10.66	42.54	0
1	0	9.61	42.54	0
0	0	6.34	42.54	0
0	0	4.51	42.54	0
0	1	4.15	42.54	0
0	0	3.65	42.54	0
0	0	1.12	42.54	0
0	1	1.03	42.54	0
0	1	29.28	29.28	0
0	1	18.07	29.28	1
1	0	9.51	29.28	1
0	1	8.57	29.28	0
1	0	5.13	29.28	1
0	0	4.32	29.28	0
0	0	3.82	29.28	0
0	0	2.93	29.28	0
0	1	2.92	29.28	0
0	0	2.7	29.28	0
0	0	1.96	29.28	0
0	1	1.76	29.28	0
0	1	1.74	29.28	0
0	1	1.28	29.28	0
0	1	0.89	29.28	0
0	1	0.76	29.28	0
0	0	0.71	29.28	1
0	1	0.68	29.28	0
0	1	0.66	29.28	0
0	1	0.58	29.28	1
0	1	0.36	29.28	0
0	1	0.35	29.28	1
0	0	0.31	29.28	0
0	1	0.29	29.28	0
0	1	0.27	29.28	0
0	1	26.66	26.66	1
0	1	21.55	26.66	0
0	1	13.6	26.66	0
1	0	10.01	26.66	0
0	1	3.37	26.66	0
1	0	2.85	26.66	0
0	1	2.84	26.66	0
0	0	2.79	26.66	0
0	1	1.9	26.66	1
0	1	1.75	26.66	0
0	1	1.55	26.66	0
0	1	1.47	26.66	0
0	0	1.39	26.66	0
0	0	1.38	26.66	0
0	1	1.37	26.66	0
0	1	0.75	26.66	0
0	1	0.74	26.66	0
0	1	0.61	26.66	0
0	1	0.4	26.66	0
0	1	0.33	26.66	0
0	0	0.31	26.66	0
0	1	0.27	26.66	0
0	0	0.21	26.66	0
0	1	0.2	26.66	0
0	1	0.17	26.66	0
0	1	0.16	26.66	0
0	0	0.15	26.66	0
0	1	0.14	26.66	0
0	1	0.14	26.66	0
0	1	0.12	26.66	0
0	1	0.11	26.66	0
0	1	0.1	26.66	0
0	1	0.1	26.66	0
0	1	0.09	26.66	0
0	1	0.07	26.66	0
0	1	0.07	26.66	0
0	1	0.05	26.66	0
0	1	0.05	26.66	0
0	1	52.96	52.96	1
1	0	35.84	52.96	0
1	0	2.44	52.96	0
0	1	1.28	52.96	1
0	0	1.23	52.96	0
0	1	0.83	52.96	0
0	1	0.78	52.96	0
0	1	0.74	52.96	0
0	1	0.58	52.96	0
0	1	0.38	52.96	0
0	0	0.38	52.96	0
0	1	0.36	52.96	0
0	1	0.28	52.96	1
0	1	0.25	52.96	0
0	1	0.25	52.96	0
0	1	0.25	52.96	0
0	1	0.23	52.96	0
0	1	0.19	52.96	0
0	1	0.18	52.96	0
0	1	0.18	52.96	0
0	1	0.11	52.96	0
0	1	0.08	52.96	0
0	1	0.07	52.96	0
0	0	30.64	30.64	0
0	1	24.78	30.64	0
0	1	9.06	30.64	1
0	1	8.47	30.64	0
0	1	6.92	30.64	1
0	1	5.03	30.64	1
0	1	4.68	30.64	0
1	0	4.26	30.64	0
0	1	1.15	30.64	0
0	1	0.99	30.64	1
0	1	0.96	30.64	0
0	1	0.6	30.64	0
0	0	0.58	30.64	0
0	1	0.2	30.64	0
0	1	0.19	30.64	0
0	1	0.17	30.64	0
0	1	0.17	30.64	0
0	1	0.15	30.64	0
0	1	0.15	30.64	0
0	1	0.14	30.64	0
0	1	0.13	30.64	0
0	1	0.12	30.64	0
0	1	0.11	30.64	0
0	1	0.11	30.64	0
0	1	0.1	30.64	0
0	1	0.03	30.64	0
1	0	46.3	46.3	1
1	0	11.77	46.3	0
0	1	6.24	46.3	0
0	0	4.18	46.3	1
0	0	3.81	46.3	0
0	1	3.68	46.3	0
0	0	3.44	46.3	0
0	1	3.23	46.3	0
0	0	2.69	46.3	0
0	0	2.67	46.3	0
0	0	2.42	46.3	0
0	0	2.34	46.3	0
0	1	1.78	46.3	0
0	1	1.35	46.3	0
0	1	1.29	46.3	1
0	0	0.93	46.3	0
0	0	0.82	46.3	0
0	0	0.43	46.3	0
0	1	0.39	46.3	0
0	1	0.14	46.3	0
0	0	22.6	22.6	1
0	1	20.34	22.6	0
0	1	17.64	22.6	1
1	0	11.66	22.6	0
0	0	6.78	22.6	0
0	1	6.11	22.6	1
0	0	2.71	22.6	0
0	0	2.61	22.6	0
0	1	2.23	22.6	0
0	0	2.21	22.6	0
0	0	1.76	22.6	0
0	0	1.54	22.6	0
0	0	0.86	22.6	0
0	1	0.53	22.6	0
0	1	0.35	22.6	0
0	1	22.67	22.67	1
0	1	13.14	22.67	0
1	0	9.31	22.67	0
0	1	7.91	22.67	0
1	0	6.8	22.67	0
0	1	5.7	22.67	1
0	0	5.5	22.67	0
0	0	4.49	22.67	0
0	1	4.32	22.67	0
0	0	3.68	22.67	0
0	0	3.14	22.67	1
0	0	1.94	22.67	0
0	1	1.72	22.67	0
0	0	1.54	22.67	0
0	0	1.44	22.67	0
0	1	1.31	22.67	0
0	1	1.01	22.67	1
0	1	0.92	22.67	0
0	1	0.77	22.67	0
0	0	0.75	22.67	0
0	1	0.49	22.67	0
0	1	0.43	22.67	0
0	1	0.42	22.67	0
0	1	0.28	22.67	0
0	1	0.19	22.67	0
0	1	21.19	21.19	1
1	0	14.5	21.19	1
0	1	14.25	21.19	0
0	1	9.56	21.19	0
0	1	8.43	21.19	0
0	0	6.07	21.19	0
0	0	5.23	21.19	0
0	1	3.31	21.19	1
0	0	2.86	21.19	0
0	1	1.93	21.19	0
0	0	1.81	21.19	0
0	1	1.8	21.19	0
0	0	1.79	21.19	0
0	1	1.65	21.19	0
0	0	1.51	21.19	0
0	0	1.27	21.19	0
0	1	1.03	21.19	0
0	1	0.55	21.19	0
0	1	0.49	21.19	0
0	1	0.41	21.19	0
0	1	0.26	21.19	0
1	0	22.79	22.79	0
0	1	15.56	22.79	0
0	1	13.56	22.79	1
1	0	9.7	22.79	0
0	0	6.57	22.79	0
0	0	6.57	22.79	0
0	1	6.46	22.79	1
0	0	5.11	22.79	1
0	1	4.54	22.79	0
0	1	3.04	22.79	0
0	1	2.66	22.79	1
0	0	1.52	22.79	0
0	1	0.66	22.79	0
0	1	0.49	22.79	0
0	1	0.42	22.79	0
0	1	0.28	22.79	0
1	0	25.21	25.21	1
0	1	18.9	25.21	0
1	0	13.35	25.21	0
0	0	13.27	25.21	1
0	0	8.23	25.21	1
0	0	4.31	25.21	0
0	0	3.89	25.21	0
0	1	3.61	25.21	0
0	1	2.91	25.21	0
0	0	2.28	25.21	0
0	0	1.52	25.21	0
0	0	1.32	25.21	0
0	1	0.75	25.21	0
0	1	0.37	25.21	0
0	1	43.81	43.81	1
0	0	25.82	43.81	1
1	0	13.15	43.81	0
0	0	5.58	43.81	0
0	0	3.94	43.81	0
0	0	3.47	43.81	1
0	1	1.4	43.81	0
0	1	1.38	43.81	0
0	1	0.7	43.81	0
0	1	0.42	43.81	0
0	1	0.28	43.81	0
1	0	62.86	62.86	1
0	1	12.92	62.86	0
0	0	10.02	62.86	0
0	0	3.76	62.86	0
0	1	3.07	62.86	0
0	0	2.87	62.86	0
0	0	2.61	62.86	0
0	1	1.84	62.86	0
0	0	24.51	24.51	1
1	0	17.77	24.51	0
0	1	16.05	24.51	1
0	0	10.44	24.51	0
0	0	8.85	24.51	1
0	1	6.26	24.51	0
0	1	5.34	24.51	0
0	0	2.9	24.51	0
0	0	1.44	24.51	0
0	0	1.25	24.51	0
0	0	1.2	24.51	0
0	1	0.85	24.51	0
0	1	0.75	24.51	0
0	1	0.67	24.51	0
0	1	0.57	24.51	0
0	0	0.55	24.51	0
0	1	0.52	24.51	0
1	0	35.66	35.66	1
1	0	27.47	35.66	0
0	0	15.81	35.66	0
0	0	7.21	35.66	0
0	1	3.04	35.66	0
0	0	2.34	35.66	0
0	0	2.34	35.66	0
0	0	2.0	35.66	0
0	1	1.97	35.66	0
0	0	1.56	35.66	0
0	1	0.54	35.66	0
1	0	21.01	21.01	0
1	0	20.79	21.01	0
0	0	10.47	21.01	0
0	0	9.95	21.01	1
0	1	8.09	21.01	0
0	0	3.75	21.01	0
0	1	3.52	21.01	0
0	1	3.31	21.01	0
0	0	2.85	21.01	0
0	0	2.82	21.01	0
0	0	2.66	21.01	0
0	1	2.51	21.01	0
0	0	2.37	21.01	0
0	1	1.76	21.01	0
0	0	1.52	21.01	0
0	0	1.33	21.01	0
0	0	1.21	21.01	0
1	0	28.68	28.68	1
1	0	19.94	28.68	0
0	1	15.8	28.68	0
0	1	10.47	28.68	0
0	1	4.84	28.68	0
0	0	3.79	28.68	0
0	1	3.04	28.68	0
0	0	2.92	28.68	0
0	0	2.45	28.68	0
0	1	1.71	28.68	0
0	0	1.46	28.68	0
0	1	1.35	28.68	0
0	0	1.31	28.68	0
0	0	0.72	28.68	0
0	1	0.65	28.68	0
0	1	0.5	28.68	0
0	1	0.28	28.68	0
0	0	27.63	27.63	0
1	0	27.1	27.63	1
0	1	14.4	27.63	0
1	0	8.72	27.63	0
0	0	5.94	27.63	0
0	1	5.71	27.63	0
0	0	4.97	27.63	0
0	0	1.39	27.63	0
0	0	1.13	27.63	0
0	1	1.12	27.63	0
0	1	1.1	27.63	0
0	0	0.72	27.63	0
1	0	31.02	31.02	1
0	1	16.3	31.02	0
0	1	11.05	31.02	0
0	0	8.84	31.02	0
0	0	6.9	31.02	0
0	1	6.44	31.02	0
0	1	4.55	31.02	0
0	1	4.47	31.02	0
0	0	2.98	31.02	0
0	0	2.16	31.02	0
0	0	2.1	31.02	1
0	1	1.13	31.02	0
0	1	1.12	31.02	0
0	1	0.87	31.02	0
1	0	28.08	28.08	1
0	1	14.43	28.08	0
0	0	8.27	28.08	0
0	1	7.23	28.08	0
0	1	7.0	28.08	1
0	0	5.89	28.08	0
0	1	5.54	28.08	0
0	1	5.08	28.08	0
0	1	4.81	28.08	0
0	1	4.65	28.08	0
0	0	3.68	28.08	0
0	0	2.48	28.08	0
0	1	1.29	28.08	0
0	1	0.77	28.08	0
0	0	0.7	28.08	0
0	1	61.84	61.84	1
0	0	8.04	61.84	0
0	0	4.41	61.84	0
0	1	4.02	61.84	0
0	1	3.97	61.84	0
0	0	2.89	61.84	1
0	1	2.73	61.84	0
0	1	2.26	61.84	0
0	1	2.11	61.84	0
0	1	1.91	61.84	1
0	1	1.78	61.84	0
0	1	1.26	61.84	0
0	0	1.19	61.84	1
0	0	0.72	61.84	0
0	1	0.44	61.84	0
0	1	0.34	61.84	0
0	1	46.15	46.15	1
1	0	29.94	46.15	0
0	1	8.05	46.15	1
0	1	5.82	46.15	0
0	0	4.87	46.15	0
0	0	4.37	46.15	0
0	1	0.76	46.15	0
1	0	21.5	21.5	0
0	1	20.72	21.5	0
0	1	14.63	21.5	0
1	0	8.74	21.5	1
0	0	6.38	21.5	0
0	0	5.87	21.5	0
0	1	4.53	21.5	0
0	0	4.29	21.5	1
0	1	3.79	21.5	0
0	0	3.2	21.5	0
0	0	1.58	21.5	0
0	0	1.49	21.5	0
0	1	1.27	21.5	0
0	0	1.01	21.5	1
0	1	0.53	21.5	1
0	0	0.39	21.5	0
0	0	20.26	20.26	0
0	1	10.85	20.26	0
1	0	10.74	20.26	1
0	0	10.47	20.26	0
0	1	8.62	20.26	0
0	1	8.47	20.26	0
0	0	6.89	20.26	1
0	0	5.3	20.26	0
0	1	4.45	20.26	0
0	0	2.76	20.26	0
0	1	2.53	20.26	0
0	1	2.38	20.26	0
0	0	2.2	20.26	0
0	0	1.74	20.26	0
0	1	0.91	20.26	0
0	0	0.69	20.26	0
0	1	0.48	20.26	0
0	1	0.18	20.26	0
0	1	35.45	35.45	1
1	0	23.59	35.45	0
0	0	23.57	35.45	1
0	0	4.06	35.45	1
0	1	3.53	35.45	1
0	0	3.29	35.45	0
0	0	2.68	35.45	0
0	1	1.01	35.45	0
0	0	0.91	35.45	0
0	0	0.89	35.45	1
0	1	0.53	35.45	0
0	1	0.42	35.45	0
0	0	35.64	35.64	1
0	1	11.89	35.64	0
0	0	9.43	35.64	0
0	0	8.17	35.64	0
0	1	7.91	35.64	0
0	1	5.58	35.64	0
0	1	5.03	35.64	0
0	0	3.5	35.64	0
0	1	3.5	35.64	0
0	1	2.06	35.64	0
0	1	2.05	35.64	0
0	1	1.56	35.64	0
0	1	1.26	35.64	0
0	0	1.01	35.64	0
0	1	0.79	35.64	1
0	1	0.53	35.64	0
1	0	45.09	45.09	0
0	0	13.73	45.09	0
0	1	9.73	45.09	0
0	1	6.28	45.09	0
0	0	6.01	45.09	0
0	0	5.04	45.09	1
0	1	4.51	45.09	0
0	0	4.1	45.09	0
0	1	2.13	45.09	0
0	1	1.93	45.09	0
0	1	1.39	45.09	0
1	0	40.48	40.48	1
1	0	32.44	40.48	1
0	0	11.12	40.48	0
0	0	5.24	40.48	0
0	1	4.75	40.48	0
0	1	3.09	40.48	0
0	1	1.23	40.48	0
0	1	0.82	40.48	0
0	1	0.54	40.48	0
0	1	0.25	40.48	0
1	0	28.53	28.53	0
0	0	15.58	28.53	1
1	0	14.87	28.53	1
0	1	13.99	28.53	0
0	0	7.24	28.53	0
0	1	5.73	28.53	1
0	0	5.39	28.53	0
0	0	4.98	28.53	0
0	1	2.06	28.53	0
0	1	1.07	28.53	0
0	0	0.52	28.53	0
0	1	30.98	30.98	1
1	0	17.9	30.98	0
0	0	12.91	30.98	0
1	0	10.76	30.98	1
0	0	4.72	30.98	0
0	1	4.2	30.98	0
0	1	3.44	30.98	0
0	1	2.96	30.98	0
0	1	2.83	30.98	0
0	0	2.54	30.98	0
0	0	1.34	30.98	0
0	1	1.01	30.98	1
0	1	0.99	30.98	0
0	1	0.99	30.98	0
0	1	0.92	30.98	1
0	1	0.45	30.98	0
0	1	0.39	30.98	0
0	0	0.29	30.98	0
0	1	0.29	30.98	0
1	0	24.71	24.71	1
0	1	22.55	24.71	0
0	1	18.54	24.71	0
0	1	10.35	24.71	0
0	1	4.52	24.71	0
0	1	3.76	24.71	0
0	1	2.89	24.71	0
0	0	2.65	24.71	0
0	0	2.33	24.71	0
0	1	2.06	24.71	0
0	1	1.68	24.71	0
0	1	1.54	24.71	0
0	1	1.27	24.71	0
0	1	0.44	24.71	0
0	1	0.36	24.71	0
0	1	0.29	24.71	1
0	1	34.01	34.01	1
1	0	16.34	34.01	0
0	0	11.82	34.01	1
0	0	8.96	34.01	1
1	0	5.89	34.01	0
0	0	5.89	34.01	0
0	0	3.12	34.01	0
0	1	2.59	34.01	0
0	0	1.93	34.01	0
0	1	1.5	34.01	0
0	1	1.27	34.01	0
0	1	1.19	34.01	0
0	1	0.9	34.01	0
0	1	0.76	34.01	0
0	1	0.72	34.01	0
0	1	0.71	34.01	0
0	1	0.53	34.01	0
0	1	0.48	34.01	0
0	1	0.41	34.01	0
0	1	0.39	34.01	0
0	1	0.29	34.01	0
0	1	0.17	34.01	0
0	1	30.34	30.34	0
1	0	23.27	30.34	0
0	0	12.56	30.34	0
0	1	7.03	30.34	0
0	1	6.88	30.34	1
0	1	4.4	30.34	0
0	0	3.5	30.34	0
0	1	2.32	30.34	0
0	1	2.14	30.34	0
0	0	2.02	30.34	0
0	1	1.82	30.34	0
0	1	1.62	30.34	1
0	1	1.07	30.34	0
0	0	0.98	30.34	0
0	1	54.34	54.34	1
1	0	14.06	54.34	0
1	0	8.95	54.34	0
0	0	6.21	54.34	0
0	0	4.27	54.34	0
0	0	3.53	54.34	0
0	1	2.81	54.34	0
0	0	2.08	54.34	0
0	1	1.56	54.34	0
0	1	1.27	54.34	1
0	1	0.87	54.34	0
0	1	42.05	42.05	1
1	0	15.91	42.05	1
0	0	8.84	42.05	1
0	0	8.76	42.05	1
0	0	5.74	42.05	0
0	1	4.72	42.05	0
0	1	4.04	42.05	0
0	0	2.83	42.05	0
0	1	2.17	42.05	0
0	1	1.94	42.05	0
0	0	1.76	42.05	0
0	1	1.18	42.05	1
0	1	64.94	64.94	1
1	0	9.43	64.94	0
0	0	6.74	64.94	1
0	1	4.7	64.94	0
0	0	3.89	64.94	0
0	0	3.43	64.94	0
0	1	3.14	64.94	0
0	1	2.64	64.94	0
0	0	1.05	64.94	0
0	1	35.17	35.17	1
1	0	16.46	35.17	0
0	1	9.95	35.17	0
0	1	7.26	35.17	0
0	0	6.64	35.17	0
0	1	4.46	35.17	0
0	0	4.29	35.17	0
0	0	4.22	35.17	0
0	1	3.48	35.17	0
0	1	2.3	35.17	0
0	1	1.86	35.17	0
0	1	1.5	35.17	0
0	1	1.48	35.17	0
0	1	0.88	35.17	0
0	1	54.8	54.8	1
0	1	7.45	54.8	1
1	0	6.03	54.8	0
1	0	6.03	54.8	0
0	1	6.01	54.8	0
0	0	5.44	54.8	1
0	0	3.33	54.8	0
0	0	3.26	54.8	0
0	1	1.81	54.8	0
0	1	1.63	54.8	0
0	1	1.45	54.8	0
0	1	0.8	54.8	0
0	1	0.76	54.8	0
0	0	0.74	54.8	0
0	1	0.4	54.8	0
0	1	47.7	47.7	1
0	1	25.12	47.7	1
1	0	15.72	47.7	0
0	0	5.13	47.7	0
0	0	1.69	47.7	0
0	0	1.68	47.7	0
0	1	1.19	47.7	0
0	1	0.79	47.7	0
0	1	0.49	47.7	0
0	1	0.43	47.7	0
0	1	33.05	33.05	1
1	0	27.29	33.05	0
0	1	19.05	33.05	0
0	1	6.59	33.05	0
0	0	3.92	33.05	0
0	0	3.67	33.05	0
0	0	3.1	33.05	0
0	1	1.78	33.05	0
0	0	1.49	33.05	0
0	1	24.23	24.23	1
0	1	18.36	24.23	0
1	0	8.51	24.23	0
1	0	8.41	24.23	1
0	1	7.56	24.23	0
0	1	5.93	24.23	0
0	0	5.87	24.23	1
0	1	5.37	24.23	0
0	0	4.53	24.23	0
0	1	3.21	24.23	0
0	1	3.16	24.23	0
0	0	2.88	24.23	0
0	0	1.92	24.23	0
0	1	53.03	53.03	1
1	0	16.1	53.03	1
0	0	4.87	53.03	0
0	0	4.73	53.03	0
1	0	3.39	53.03	0
0	0	3.34	53.03	0
0	1	3.13	53.03	0
0	1	2.88	53.03	0
0	1	2.32	53.03	0
0	1	1.88	53.03	0
0	1	1.69	53.03	0
0	1	1.53	53.03	0
0	1	0.57	53.03	0
0	1	0.48	53.03	0
0	1	48.95	48.95	1
1	0	16.88	48.95	0
1	0	5.28	48.95	0
0	0	4.4	48.95	0
0	1	4.32	48.95	0
0	0	4.22	48.95	1
0	0	4.06	48.95	0
0	1	2.77	48.95	0
0	1	2.35	48.95	0
0	1	1.42	48.95	0
0	1	1.14	48.95	0
0	0	1.14	48.95	0
0	0	1.08	48.95	0
0	1	1.01	48.95	0
0	1	0.91	48.95	0
1	0	21.6	21.6	0
0	0	21.34	21.6	0
0	1	19.08	21.6	1
0	1	9.33	21.6	0
0	1	6.01	21.6	0
0	0	4.83	21.6	0
0	1	3.4	21.6	0
0	1	3.09	21.6	0
0	0	2.46	21.6	0
0	0	2.27	21.6	0
0	1	2.03	21.6	0
0	1	1.32	21.6	0
0	0	0.96	21.6	0
0	0	0.94	21.6	0
0	0	0.78	21.6	0
0	0	0.48	21.6	0
1	0	27.28	27.28	0
0	1	11.37	27.28	1
0	0	10.17	27.28	0
0	1	7.11	27.28	0
0	0	5.24	27.28	0
0	1	4.86	27.28	0
0	0	4.69	27.28	0
0	0	3.64	27.28	0
0	1	3.6	27.28	0
0	0	3.26	27.28	0
0	0	3.04	27.28	0
0	1	2.55	27.28	0
0	1	2.31	27.28	0
0	0	2.31	27.28	0
0	1	2.06	27.28	0
0	1	1.93	27.28	0
0	1	1.15	27.28	0
0	1	0.74	27.28	1
0	1	0.71	27.28	0
0	0	0.61	27.28	0
0	1	0.57	27.28	0
0	1	0.42	27.28	0
0	0	0.29	27.28	0
1	0	18.13	18.13	1
0	1	12.93	18.13	1
0	1	11.51	18.13	0
1	0	10.11	18.13	0
0	0	9.14	18.13	0
0	0	7.89	18.13	1
0	0	6.48	18.13	0
0	0	4.56	18.13	0
0	1	3.52	18.13	0
0	1	3.14	18.13	1
0	1	3.08	18.13	0
0	0	2.94	18.13	0
0	1	2.69	18.13	0
0	1	2.0	18.13	1
0	1	1.8	18.13	0
1	0	39.22	39.22	1
0	1	12.35	39.22	0
0	0	12.0	39.22	0
0	0	8.3	39.22	0
0	0	6.71	39.22	0
0	1	4.81	39.22	0
0	1	4.66	39.22	0
0	0	4.51	39.22	0
0	0	4.42	39.22	0
0	1	2.96	39.22	0
0	1	27.52	27.52	1
1	0	16.44	27.52	0
0	0	10.63	27.52	0
0	1	9.36	27.52	0
0	0	8.71	27.52	0
0	0	6.58	27.52	0
0	1	5.22	27.52	0
0	0	4.99	27.52	0
0	1	3.39	27.52	0
0	0	3.08	27.52	0
0	1	2.72	27.52	0
0	0	1.3	27.52	0
0	1	33.75	33.75	0
1	0	18.19	33.75	1
0	1	13.03	33.75	0
1	0	10.29	33.75	0
0	0	5.99	33.75	0
0	1	3.29	33.75	1
0	1	3.16	33.75	0
0	0	2.51	33.75	0
0	1	1.77	33.75	0
0	1	1.36	33.75	0
0	1	1.27	33.75	0
0	0	1.16	33.75	0
0	1	1.07	33.75	0
0	1	1.0	33.75	0
0	1	0.82	33.75	0
0	1	0.73	33.75	0
0	0	0.52	33.75	0
0	1	35.81	35.81	1
1	0	17.81	35.81	1
1	0	16.19	35.81	1
0	1	8.11	35.81	0
0	0	5.57	35.81	0
0	0	5.22	35.81	0
0	1	3.08	35.81	0
0	1	2.55	35.81	0
0	1	0.91	35.81	1
0	0	0.87	35.81	0
0	1	0.61	35.81	0
0	1	0.58	35.81	0
0	1	0.51	35.81	1
0	1	0.48	35.81	0
0	1	0.47	35.81	0
0	1	0.43	35.81	0
0	1	0.38	35.81	0
0	1	0.33	35.81	0
0	1	17.99	17.99	0
0	0	14.18	17.99	1
0	1	13.38	17.99	0
0	1	10.32	17.99	0
0	1	9.85	17.99	1
0	0	9.81	17.99	1
0	0	5.31	17.99	0
0	1	4.18	17.99	0
0	1	4.03	17.99	0
0	0	4.0	17.99	0
0	0	2.07	17.99	0
0	1	1.78	17.99	1
0	1	0.97	17.99	0
0	1	0.88	17.99	0
0	0	0.76	17.99	0
0	0	0.43	17.99	0
1	0	30.18	30.18	0
0	0	26.1	30.18	1
0	1	11.07	30.18	0
0	1	9.74	30.18	0
1	0	8.01	30.18	0
0	1	2.91	30.18	0
0	1	2.74	30.18	1
0	0	2.15	30.18	0
0	0	2.04	30.18	0
0	0	1.8	30.18	0
0	1	1.61	30.18	1
0	1	0.66	30.18	0
0	1	0.6	30.18	0
0	1	0.32	30.18	0
0	1	18.61	18.61	1
1	0	14.52	18.61	0
0	1	12.98	18.61	0
0	1	9.26	18.61	0
1	0	8.86	18.61	0
0	1	8.49	18.61	0
0	0	8.13	18.61	0
0	1	4.13	18.61	0
0	0	3.44	18.61	1
0	1	2.63	18.61	0
0	1	1.86	18.61	1
0	1	1.08	18.61	1
0	1	1.07	18.61	0
0	1	1.05	18.61	0
0	1	1.0	18.61	0
0	1	0.88	18.61	1
0	0	0.83	18.61	0
0	1	0.75	18.61	0
0	0	0.36	18.61	1
0	1	73.86	73.86	1
1	0	9.3	73.86	1
0	1	3.96	73.86	1
0	0	3.72	73.86	0
0	1	3.29	73.86	0
0	1	2.92	73.86	0
0	1	1.51	73.86	0
0	1	0.73	73.86	0
0	0	0.67	73.86	0
0	1	33.7	33.7	1
1	0	13.77	33.7	0
0	1	10.54	33.7	0
0	0	9.32	33.7	0
0	1	9.2	33.7	0
0	0	8.24	33.7	0
0	1	4.34	33.7	0
0	0	4.26	33.7	0
0	1	1.31	33.7	0
0	0	1.21	33.7	0
0	1	1.16	33.7	0
0	1	1.14	33.7	1
0	1	0.96	33.7	0
0	1	0.79	33.7	0
1	0	41.15	41.15	0
0	1	23.65	41.15	1
0	0	12.1	41.15	1
1	0	11.59	41.15	0
0	0	3.87	41.15	0
0	0	1.89	41.15	0
0	1	1.59	41.15	0
0	0	1.15	41.15	0
0	0	1.03	41.15	0
0	1	0.95	41.15	0
0	1	0.64	41.15	0
0	1	0.33	41.15	0
0	1	31.26	31.26	1
1	0	22.4	31.26	0
0	0	11.14	31.26	0
0	1	7.7	31.26	0
0	0	6.39	31.26	0
0	0	5.5	31.26	1
0	0	4.54	31.26	0
0	0	2.74	31.26	0
0	1	2.13	31.26	0
0	0	1.96	31.26	0
0	1	1.7	31.26	1
0	1	1.56	31.26	1
0	1	0.9	31.26	0
0	1	30.04	30.04	1
1	0	25.12	30.04	0
0	0	12.29	30.04	1
0	1	6.42	30.04	0
0	1	5.48	30.04	0
1	0	5.0	30.04	0
0	1	3.98	30.04	1
0	0	2.97	30.04	0
0	0	1.7	30.04	0
0	0	1.19	30.04	0
0	1	1.06	30.04	0
0	1	0.98	30.04	0
0	0	0.97	30.04	0
0	1	0.95	30.04	1
0	1	0.61	30.04	0
0	0	0.58	30.04	0
0	1	0.32	30.04	0
0	1	0.24	30.04	0
1	0	34.16	34.16	0
0	1	29.51	34.16	1
0	0	8.81	34.16	0
0	0	5.45	34.16	0
0	1	4.07	34.16	0
0	1	3.76	34.16	0
0	0	2.35	34.16	0
0	1	2.2	34.16	0
0	0	2.14	34.16	1
0	1	1.94	34.16	0
0	0	1.71	34.16	0
0	1	1.47	34.16	0
0	1	0.96	34.16	0
0	1	0.85	34.16	0
0	0	0.56	34.16	1
0	1	21.72	21.72	1
0	1	20.93	21.72	1
0	1	13.96	21.72	1
1	0	13.61	21.72	0
0	1	6.9	21.72	0
0	0	5.24	21.72	0
1	0	4.99	21.72	0
0	1	3.78	21.72	0
0	1	2.33	21.72	0
0	0	1.75	21.72	0
0	0	1.72	21.72	1
0	0	1.38	21.72	0
0	1	0.83	21.72	0
0	0	0.79	21.72	0
0	1	44.3	44.3	1
1	0	25.5	44.3	1
1	0	7.76	44.3	1
0	0	5.12	44.3	0
0	1	4.73	44.3	0
0	0	3.89	44.3	0
0	1	2.6	44.3	0
0	1	2.44	44.3	0
0	0	1.5	44.3	1
0	0	1.06	44.3	1
0	0	0.79	44.3	0
0	1	0.26	44.3	0
0	1	57.41	57.41	1
0	1	13.27	57.41	1
1	0	12.0	57.41	1
0	0	3.96	57.41	0
0	1	2.92	57.41	0
0	1	2.06	57.41	0
0	1	1.94	57.41	0
0	1	1.72	57.41	0
0	1	1.59	57.41	0
0	1	0.98	57.41	0
0	0	0.55	57.41	0
0	0	0.44	57.41	0
0	1	0.34	57.41	0
0	0	0.3	57.41	0
0	1	0.22	57.41	0
0	1	0.14	57.41	0
0	1	0.09	57.41	0
1	0	34.86	34.86	1
1	0	29.25	34.86	0
0	1	16.16	34.86	1
0	0	6.45	34.86	0
0	0	3.69	34.86	0
0	1	2.54	34.86	0
0	1	1.94	34.86	0
0	0	1.52	34.86	0
0	0	1.11	34.86	0
0	0	1.03	34.86	0
0	0	0.73	34.86	0
0	0	0.66	34.86	0
1	0	21.28	21.28	1
1	0	19.66	21.28	1
0	1	10.91	21.28	0
0	1	9.73	21.28	0
0	0	8.72	21.28	0
0	0	6.35	21.28	0
0	0	4.47	21.28	0
0	1	3.82	21.28	0
0	1	2.89	21.28	0
0	1	2.77	21.28	0
0	0	2.53	21.28	0
0	1	1.95	21.28	0
0	1	1.73	21.28	0
0	0	1.24	21.28	0
0	1	1.04	21.28	0
0	1	0.84	21.28	0
1	0	28.74	28.74	1
0	1	27.14	28.74	0
1	0	14.33	28.74	0
0	0	7.48	28.74	0
0	1	5.88	28.74	0
0	0	5.48	28.74	1
0	1	3.48	28.74	0
0	0	1.68	28.74	0
0	0	1.66	28.74	0
0	0	1.4	28.74	0
0	0	1.36	28.74	0
0	0	1.31	28.74	0
1	0	24.22	24.22	0
1	0	18.42	24.22	0
0	1	16.18	24.22	0
0	0	10.96	24.22	0
0	1	7.2	24.22	1
0	0	4.06	24.22	0
0	0	3.8	24.22	0
0	1	2.56	24.22	0
0	0	2.33	24.22	0
0	1	2.06	24.22	0
0	0	1.74	24.22	0
0	1	1.18	24.22	0
0	1	1.02	24.22	0
0	0	1.02	24.22	0
0	0	0.99	24.22	0
0	0	0.96	24.22	1
0	1	0.64	24.22	0
0	0	0.57	24.22	0
1	0	27.98	27.98	0
0	1	14.1	27.98	0
0	0	12.37	27.98	0
1	0	7.69	27.98	0
0	1	7.08	27.98	0
0	0	6.18	27.98	0
0	1	4.51	27.98	1
0	1	4.06	27.98	0
0	0	3.92	27.98	0
0	0	2.79	27.98	1
0	0	2.77	27.98	0
0	0	2.61	27.98	0
0	1	0.82	27.98	0
0	1	0.81	27.98	0
0	0	0.75	27.98	0
0	1	0.54	27.98	0
0	1	0.34	27.98	0
0	1	0.29	27.98	0
0	1	0.18	27.98	0
0	1	0.11	27.98	0
1	0	51.34	51.34	1
0	1	9.35	51.34	0
0	0	6.74	51.34	0
0	1	6.55	51.34	0
0	1	4.9	51.34	0
0	1	4.53	51.34	1
0	0	3.93	51.34	0
0	0	3.24	51.34	0
0	1	2.72	51.34	1
0	0	2.18	51.34	0
0	1	1.59	51.34	0
0	1	0.84	51.34	0
0	1	0.78	51.34	0
0	1	0.7	51.34	0
0	1	0.52	51.34	0
1	0	37.59	37.59	0
0	1	36.99	37.59	1
0	0	6.65	37.59	0
0	1	5.08	37.59	0
0	0	2.63	37.59	0
0	0	1.84	37.59	0
0	0	1.71	37.59	0
0	1	1.57	37.59	0
0	1	1.48	37.59	0
0	1	1.45	37.59	0
0	0	0.66	37.59	0
0	1	0.63	37.59	0
0	1	0.6	37.59	0
0	0	0.58	37.59	0
0	1	0.46	37.59	0
0	0	38.86	38.86	0
0	1	10.78	38.86	0
0	0	10.28	38.86	0
0	0	8.38	38.86	1
0	0	8.36	38.86	0
0	1	6.63	38.86	0
0	1	5.85	38.86	1
0	1	2.11	38.86	0
0	1	1.95	38.86	0
0	0	1.44	38.86	0
0	1	1.35	38.86	0
0	0	1.08	38.86	0
0	1	1.04	38.86	0
0	0	0.99	38.86	0
0	1	0.83	38.86	0
1	0	26.88	26.88	0
0	1	13.9	26.88	0
0	0	12.56	26.88	0
0	1	9.68	26.88	1
0	0	7.74	26.88	0
0	1	5.82	26.88	0
0	1	5.28	26.88	0
0	1	4.09	26.88	0
0	1	3.63	26.88	1
0	1	2.45	26.88	0
0	0	1.93	26.88	0
0	0	1.83	26.88	0
0	0	1.81	26.88	0
0	0	1.26	26.88	0
0	1	1.08	26.88	0
1	0	27.58	27.58	0
0	1	20.0	27.58	1
0	0	15.33	27.58	0
0	1	8.4	27.58	0
0	1	6.25	27.58	0
0	1	5.54	27.58	0
0	1	3.37	27.58	0
0	1	3.11	27.58	0
0	1	2.64	27.58	1
0	1	1.63	27.58	0
0	0	1.49	27.58	0
0	1	1.31	27.58	1
0	0	1.12	27.58	0
0	1	0.89	27.58	0
0	0	0.58	27.58	0
0	1	0.39	27.58	0
0	0	0.3	27.58	1
1	0	34.39	34.39	0
1	0	21.64	34.39	0
0	0	11.67	34.39	0
0	0	11.37	34.39	1
0	0	2.75	34.39	0
0	0	2.42	34.39	0
0	0	2.15	34.39	0
0	1	1.99	34.39	0
0	0	1.76	34.39	0
0	1	1.5	34.39	0
0	1	1.46	34.39	1
0	1	1.29	34.39	1
0	1	0.91	34.39	0
0	1	0.89	34.39	0
0	1	0.7	34.39	0
0	0	0.67	34.39	0
0	0	0.66	34.39	0
0	1	0.56	34.39	0
0	0	0.39	34.39	0
0	1	0.36	34.39	0
0	1	0.27	34.39	0
0	1	0.11	34.39	0
1	0	36.75	36.75	0
0	0	19.69	36.75	1
0	1	16.92	36.75	0
0	0	4.7	36.75	0
0	0	3.15	36.75	0
0	0	2.38	36.75	0
0	1	1.82	36.75	0
0	0	1.68	36.75	0
0	0	1.66	36.75	0
0	0	1.48	36.75	0
0	0	1.42	36.75	0
0	0	1.4	36.75	0
0	1	1.14	36.75	0
0	1	1.04	36.75	0
0	1	0.94	36.75	0
0	1	0.87	36.75	0
0	1	0.85	36.75	0
0	1	0.52	36.75	0
0	1	0.52	36.75	0
0	0	0.39	36.75	0
0	1	0.36	36.75	0
0	1	0.22	36.75	0
0	1	29.44	29.44	0
1	0	22.51	29.44	0
1	0	13.88	29.44	0
0	0	13.72	29.44	1
0	0	8.55	29.44	1
0	0	2.62	29.44	0
0	0	2.4	29.44	0
0	0	2.05	29.44	0
0	1	1.69	29.44	0
0	1	1.37	29.44	0
0	1	1.01	29.44	0
0	0	0.37	29.44	1
0	1	0.34	29.44	0
1	0	52.31	52.31	1
0	0	11.01	52.31	0
0	1	6.32	52.31	0
0	0	3.91	52.31	0
0	0	3.41	52.31	0
0	1	3.08	52.31	0
0	1	3.02	52.31	0
0	0	2.96	52.31	0
0	0	2.82	52.31	0
0	0	2.3	52.31	0
0	1	2.23	52.31	0
0	1	1.89	52.31	1
0	1	1.43	52.31	0
0	1	1.03	52.31	0
0	1	0.93	52.31	0
0	1	0.46	52.31	0
0	1	0.41	52.31	0
0	0	0.39	52.31	0
0	0	39.55	39.55	1
0	1	16.04	39.55	1
0	0	8.46	39.55	0
0	1	6.53	39.55	0
0	0	5.02	39.55	1
0	0	3.23	39.55	0
0	1	3.06	39.55	0
0	0	2.89	39.55	0
0	0	2.17	39.55	0
0	0	1.96	39.55	0
0	0	1.64	39.55	0
0	0	1.48	39.55	0
0	0	1.2	39.55	0
0	1	1.1	39.55	0
0	1	1.06	39.55	0
0	1	0.77	39.55	0
0	1	0.75	39.55	0
0	1	0.67	39.55	0
0	1	0.54	39.55	0
0	1	0.52	39.55	0
0	0	0.46	39.55	0
0	1	0.3	39.55	0
0	1	0.25	39.55	0
0	1	0.23	39.55	0
0	1	24.46	24.46	1
1	0	23.63	24.46	1
1	0	23.49	24.46	0
0	1	4.56	24.46	0
0	1	4.19	24.46	0
0	0	2.71	24.46	0
0	1	2.02	24.46	0
0	1	1.84	24.46	0
0	0	1.65	24.46	1
0	1	1.22	24.46	0
0	1	1.0	24.46	0
0	1	0.99	24.46	0
0	1	0.98	24.46	0
0	1	0.9	24.46	0
0	1	0.83	24.46	0
0	1	0.82	24.46	0
0	1	0.7	24.46	0
0	1	0.64	24.46	0
0	1	0.49	24.46	0
0	1	0.42	24.46	0
0	1	0.39	24.46	0
0	1	0.37	24.46	0
0	1	0.35	24.46	0
0	1	0.29	24.46	0
0	1	0.27	24.46	0
0	1	0.25	24.46	0
0	1	0.22	24.46	0
0	0	0.17	24.46	0
0	1	33.75	33.75	0
0	1	17.17	33.75	1
0	1	15.71	33.75	0
0	0	7.71	33.75	0
0	0	5.84	33.75	0
0	1	3.97	33.75	0
0	0	2.39	33.75	0
0	0	1.73	33.75	0
0	0	1.47	33.75	0
0	1	1.36	33.75	0
0	1	1.29	33.75	0
0	0	1.14	33.75	0
0	1	0.78	33.75	0
0	1	0.68	33.75	0
0	1	0.65	33.75	0
0	1	0.62	33.75	0
0	0	0.61	33.75	0
0	0	0.55	33.75	0
0	0	0.47	33.75	0
0	1	0.37	33.75	0
0	1	0.23	33.75	0
0	0	0.22	33.75	0
0	1	0.21	33.75	0
0	1	0.21	33.75	0
0	1	0.21	33.75	0
0	0	0.2	33.75	0
0	1	0.18	33.75	0
0	1	0.13	33.75	0
1	0	63.46	63.46	1
0	1	9.39	63.46	0
0	0	6.09	63.46	0
0	0	5.63	63.46	0
0	0	3.04	63.46	0
0	0	2.68	63.46	0
0	1	2.57	63.46	1
0	1	2.3	63.46	0
0	1	1.45	63.46	0
0	1	0.8	63.46	0
0	1	0.75	63.46	0
0	1	0.63	63.46	0
0	1	0.6	63.46	0
0	1	0.55	63.46	0
1	0	44.91	44.91	1
0	0	28.11	44.91	1
0	1	5.76	44.91	1
0	0	5.58	44.91	0
0	0	3.25	44.91	0
0	0	2.64	44.91	0
0	0	2.15	44.91	0
0	1	1.59	44.91	0
0	1	1.52	44.91	0
0	1	1.22	44.91	1
0	0	0.75	44.91	0
0	1	0.67	44.91	0
0	0	0.64	44.91	0
0	1	0.63	44.91	1
0	0	0.52	44.91	0
1	0	32.98	32.98	0
0	1	25.29	32.98	0
1	0	14.9	32.98	1
0	0	10.41	32.98	1
0	0	2.95	32.98	0
0	0	2.37	32.98	0
0	0	2.05	32.98	0
0	1	1.42	32.98	0
0	0	1.14	32.98	0
0	0	0.91	32.98	0
0	0	0.91	32.98	1
0	1	0.63	32.98	0
0	0	0.52	32.98	1
0	0	0.51	32.98	0
0	1	0.49	32.98	0
0	1	0.47	32.98	0
0	1	0.45	32.98	0
0	1	0.35	32.98	0
0	1	0.32	32.98	0
0	1	0.27	32.98	0
0	1	0.23	32.98	0
0	0	0.16	32.98	0
0	1	0.16	32.98	0
1	0	37.7	37.7	1
1	0	21.96	37.7	0
0	1	6.61	37.7	1
0	1	6.3	37.7	0
0	0	3.73	37.7	0
0	0	3.01	37.7	1
0	0	2.82	37.7	0
0	0	2.63	37.7	0
0	1	2.6	37.7	0
0	1	2.56	37.7	0
0	0	2.46	37.7	0
0	0	2.31	37.7	1
0	1	1.64	37.7	0
0	1	0.89	37.7	1
0	1	0.73	37.7	0
0	0	0.51	37.7	0
0	1	0.34	37.7	0
0	1	0.33	37.7	0
0	1	0.31	37.7	0
0	0	0.26	37.7	0
0	1	0.2	37.7	0
1	0	57.29	57.29	1
0	0	11.06	57.29	1
0	0	5.84	57.29	0
0	0	4.18	57.29	0
0	0	4.05	57.29	0
0	0	3.96	57.29	0
0	1	3.56	57.29	0
0	1	1.96	57.29	0
0	1	1.72	57.29	0
0	0	1.7	57.29	0
0	0	1.59	57.29	0
0	1	1.32	57.29	0
0	1	0.99	57.29	0
0	1	0.71	57.29	0
0	0	37.24	37.24	0
0	1	18.36	37.24	1
0	0	10.81	37.24	0
0	1	3.22	37.24	0
0	1	2.89	37.24	0
0	1	2.77	37.24	0
0	0	2.55	37.24	0
0	0	2.38	37.24	0
0	0	2.14	37.24	0
0	0	1.93	37.24	0
0	1	1.92	37.24	0
0	1	1.78	37.24	0
0	0	1.5	37.24	0
0	1	1.46	37.24	0
0	1	1.38	37.24	0
0	1	1.19	37.24	1
0	1	1.1	37.24	0
0	1	0.87	37.24	0
0	0	0.54	37.24	0
0	1	0.51	37.24	0
0	1	0.48	37.24	0
0	1	0.43	37.24	0
0	1	0.39	37.24	0
0	1	0.37	37.24	0
0	1	0.37	37.24	0
0	1	0.31	37.24	0
0	1	0.26	37.24	0
0	0	0.24	37.24	0
0	0	0.23	37.24	0
0	1	0.22	37.24	0
